cfips,multiplier
1001,1.0021926704031385
1003,1.0034177286704784
1005,1.0020643399472986
1007,1.0093004866364153
1009,1.0000935596790743
1011,1.0058386228129104
1013,1.0087076396112216
1015,1.0018630717411534
1017,1.0058999529136208
1019,1.0005064810486488
1021,1.008145851335678
1023,1.0027442912277293
1025,1.0098875341719526
1027,1.0092200962048978
1029,1.0073251596993271
1031,1.0049684264137149
1033,1.007665891118609
1035,1.0013060904754276
1037,1.0031019963961416
1039,1.0002689638857685
1041,1.0064502464160974
1043,1.008055376380815
1045,1.0094628555351317
1047,1.0068650718505023
1049,1.0073209124022273
1051,1.0089545577823495
1053,1.0093637802885813
1055,1.004912975498697
1057,1.0010978738970828
1059,1.0046641730987216
1061,1.0055607386287229
1063,1.0063154477139555
1065,1.0098928455730927
1067,1.0091756321529077
1069,1.0039636420274574
1071,1.0011345368627071
1073,1.0021479159822266
1075,1.0017379962283341
1077,1.00356012727149
1079,1.0087648928394524
1081,1.0043796850614872
1083,1.0056727737139786
1085,1.0017916687483872
1087,1.004928482809844
1089,1.008736277214003
1091,1.0077346326351808
1093,1.0008119071579902
1095,1.0086207226875012
1097,1.0027382809741994
1099,1.0066571624933998
1101,1.0014638290514273
1103,1.006746443700858
1105,1.0003570142885716
1107,1.0060064470107022
1109,1.0064594017076134
1111,1.0024449671405906
1113,1.0093697608971048
1115,1.0004597238720048
1117,1.0089170932678495
1119,1.0038189748764252
1121,1.007139147417025
1123,1.0065154842734794
1125,1.00168246216028
1127,1.0031899927558985
1129,1.0052967348091253
1131,1.008465102703846
1133,1.0095486007593546
2013,1.0002058663333724
2016,1.00352558255471
2020,1.0066814392458245
2050,1.0052772943324266
2060,1.0094302211585675
2068,1.0001696943453595
2070,1.0043773939861764
2090,1.0066880384780463
2100,1.0021758371386795
2105,1.0072587138611495
2110,1.000812286282213
2122,1.0045103852948132
2130,1.0067623495619071
2150,1.002667571282405
2164,1.0007384641767527
2170,1.0095702160979945
2180,1.0091382302879526
2185,1.0092636991161172
2188,1.0097850238329773
2195,1.0018469805441137
2198,1.0015777599779245
2220,1.0003421458620767
2230,1.008918227876178
2240,1.0075276284113595
2275,1.006332624111185
2282,1.0092767615918614
2290,1.005750766144925
4001,1.0012973075272555
4003,1.0017686447493501
4005,1.001321839303381
4007,1.0030765801272303
4009,1.0037949683311362
4011,1.0079683906468468
4012,1.0019125391144534
4013,1.007253651528437
4015,1.0049122850211452
4017,1.0099965992112827
4019,1.0077658246104486
4021,1.009689529886533
4023,1.0034235150163533
4025,1.0012305019316625
4027,1.005058958051452
5001,1.0012423947386346
5003,1.0049245170486207
5005,1.002699410261754
5007,1.004910472124281
5009,1.0094963620362196
5011,1.002890340642235
5013,1.0099343404936956
5015,1.0022932946940408
5017,1.0020810837899703
5019,1.005447885229992
5021,1.0084204493831608
5023,1.0074950351918175
5025,1.0072353693529597
5027,1.0028263294115214
5029,1.0002251677607032
5031,1.0016174829014426
5033,1.0034947330113917
5035,1.009716837505702
5037,1.009197774579739
5039,1.002006445872661
5041,1.0072562247798469
5043,1.0057901685690338
5045,1.0004984265008772
5047,1.003717056112986
5049,1.004860737403659
5051,1.006675741233501
5053,1.0029490511601444
5055,1.0093381862905448
5057,1.0045187905670367
5059,1.0024852962411697
5061,1.0031642808724726
5063,1.0075188542861897
5065,1.0064028536757457
5067,1.0074217802144578
5069,1.002923418253209
5071,1.0032684861850354
5073,1.003967191165508
5075,1.00188592998495
5077,1.0069104454493625
5079,1.0032934951407786
5081,1.0032623622414194
5083,1.0026936496988714
5085,1.0045282780470142
5087,1.007719760792342
5089,1.0083560870545827
5091,1.0080450787768322
5093,1.0062119357761188
5095,1.0028042753505828
5097,1.0073485520580838
5099,1.0003936194174212
5101,1.0079815240731045
5103,1.0078022756406657
5105,1.0067000111317648
5107,1.0009792544998557
5109,1.009973413355283
5111,1.0075640919240099
5113,1.0073480683100788
5115,1.0006400785252931
5117,1.003987051265729
5119,1.0008617299964697
5121,1.0036103700680905
5123,1.005704855543572
5125,1.008788721883566
5127,1.002829377329945
5129,1.0062341465248228
5131,1.001646519223448
5133,1.0035396385694222
5135,1.0094723747523633
5137,1.0074764091558273
5139,1.0054580576418717
5141,1.0025169679915615
5143,1.003797052226439
5145,1.001566933338525
5147,1.0035346719309706
5149,1.001506328262872
6001,1.0079530703301112
6003,1.000807590899423
6005,1.001894054798071
6007,1.0069116672978076
6009,1.0090251671242059
6011,1.009645916097676
6013,1.0083602291674079
6015,1.0021147177636622
6017,1.0028571128583206
6019,1.0087075235299856
6021,1.0088933296474412
6023,1.0064065316582012
6025,1.0031364109918688
6027,1.0022405666304597
6029,1.0085228269926274
6031,1.0020525499844977
6033,1.0066180435068242
6035,1.0096795334273414
6037,1.007052913924998
6039,1.002576703131646
6041,1.0028250590127445
6043,1.0009289477542092
6045,1.0068623748996082
6047,1.005184356814638
6049,1.0020647169953616
6051,1.0022766830054943
6053,1.000090245547672
6055,1.0097841939910666
6057,1.0082801818554092
6059,1.0039416995052823
6061,1.009460898507941
6063,1.006771199391544
6065,1.0075146253562781
6067,1.0067995549987374
6069,1.0075684883195428
6071,1.0017093892813558
6073,1.005623979975348
6075,1.0084937627538846
6077,1.0001954258397006
6079,1.0012344295338853
6081,1.0024563980966108
6083,1.0029472669672768
6085,1.0018270386659074
6087,1.0062433038993106
6089,1.0029401907119375
6091,1.001580998437136
6093,1.009058261821868
6095,1.0069503453154733
6097,1.0024605874657513
6099,1.0036095363331117
6101,1.007407855628887
6103,1.0079091007357048
6105,1.0017643616542022
6107,1.0093657608407374
6109,1.0078527193899
6111,1.0085681443713386
6113,1.001438588069633
6115,1.001433671522134
8001,1.0030536884422536
8003,1.0006464641962498
8005,1.0009106732685578
8007,1.0014320715551994
8009,1.0071242973268495
8011,1.000302302916412
8013,1.000832447813686
8014,1.0094418353618568
8015,1.0008365668167234
8017,1.00537462370269
8019,1.0064257319226275
8021,1.009585935137153
8023,1.0089980271791164
8025,1.004406827671866
8027,1.009421640613165
8029,1.0043226587479792
8031,1.0066991871547064
8033,1.0025960807071819
8035,1.0063664452588954
8037,1.0053818894460866
8039,1.0060683104275425
8041,1.0068265120133366
8043,1.0017345530010213
8045,1.0030126280097567
8047,1.0073624138692552
8049,1.0016382398627068
8051,1.0034424013871894
8053,1.0066647869109309
8055,1.0093765098519167
8057,1.0007530020679956
8059,1.0051656079909068
8061,1.0008190533923775
8063,1.0037913195095154
8065,1.0017538650408735
8067,1.0064943842257852
8069,1.007578325519547
8071,1.0024734320655888
8073,1.0071288714905275
8075,1.0044681893785667
8077,1.0028358003038906
8079,1.0052340166868674
8081,1.0037965014382098
8083,1.0022999625455524
8085,1.0075684479612999
8087,1.007975241489353
8089,1.00800312240755
8091,1.003821427960357
8093,1.0016952845140936
8095,1.0084041128150747
8097,1.0032926387648622
8099,1.0074806680225201
8101,1.0081745056104412
8103,1.0076815249760276
8105,1.003898060306908
8107,1.0093801672658926
8109,1.0066016241680305
8111,1.0057574628432133
8113,1.0069790910207501
8115,1.000447271232654
8117,1.0039051497277864
8119,1.0088121715384621
8121,1.001610797014957
8123,1.0041440064773632
8125,1.0040524799117196
9001,1.0035604171070303
9003,1.0056235132885898
9005,1.009961980495857
9007,1.0025584884878662
9009,1.00704957122575
9011,1.0075799499777567
9013,1.0058449847967967
9015,1.0009747568790117
10001,1.005723734973453
10003,1.0095346447567248
10005,1.0034206014438867
11001,1.0063968812637942
12001,1.0095939773242526
12003,1.0079799028123475
12005,1.0068830772969704
12007,1.0097114887876832
12009,1.001705829552988
12011,1.0077274878849984
12013,1.0040683576732277
12015,1.003604316876805
12017,1.0052067251440195
12019,1.0003375105877745
12021,1.0031252962092836
12023,1.001662154945234
12027,1.0013869089941732
12029,1.003373405100201
12031,1.0080226435801072
12033,1.0020111106785508
12035,1.005314157844324
12037,1.0074865619403515
12039,1.0024097153490512
12041,1.0092420329575578
12043,1.008664979033316
12045,1.0025117821173384
12047,1.009896380673658
12049,1.0066917109411502
12051,1.002861000374204
12053,1.0068103745530557
12055,1.006662482704033
12057,1.0060619362473433
12059,1.0071169611107849
12061,1.0026831569037524
12063,1.0097898548558955
12065,1.0085789575727515
12067,1.0074574135262933
12069,1.0002630499360325
12071,1.0059038537325062
12073,1.007064839881424
12075,1.008540998271079
12077,1.0094615712178894
12079,1.0091585309994175
12081,1.0040604493248269
12083,1.0089650118797395
12085,1.0000074880921488
12086,1.0035147521150778
12087,1.001138810692304
12089,1.008830677000502
12091,1.009279819054336
12093,1.0025600841815023
12095,1.0036731044812546
12097,1.009838776194171
12099,1.005660634637294
12101,1.0049705584342163
12103,1.0050043542501659
12105,1.006961881792728
12107,1.00954543034772
12109,1.0036662242975238
12111,1.0017265794614905
12113,1.0018501289215298
12115,1.000203590380849
12117,1.005554104961193
12119,1.0092911721887046
12121,1.0071307689537894
12123,1.0099296452657247
12125,1.0090952740742545
12127,1.0049185767339042
12129,1.004865493805912
12131,1.0062835722982857
12133,1.0011093559740232
13001,1.0060768424045128
13003,1.004640740198118
13005,1.006427404266726
13007,1.005652099682852
13009,1.0031039586028452
13011,1.0060776198301842
13013,1.0036601435286967
13015,1.001946211406478
13017,1.0067507084775804
13019,1.0030634709301858
13021,1.0088902477986603
13023,1.0019933245971422
13025,1.0060014403843252
13027,1.0057154877484926
13029,1.0019774180080114
13031,1.0043988683886453
13033,1.006755387715428
13035,1.0031852720448997
13037,1.0011383065740747
13039,1.0061524071495789
13043,1.002241219022605
13045,1.006814749796696
13047,1.0083946709658418
13049,1.0012335537144978
13051,1.004376091022213
13053,1.004449222693488
13055,1.0063253591865429
13057,1.0033440792879758
13059,1.0041856915558878
13061,1.0001199124402826
13063,1.0012242591118325
13065,1.00569862099555
13067,1.0021589580029502
13069,1.0014457688979637
13071,1.0032441276796416
13073,1.0016353569493313
13075,1.000596224364781
13077,1.0028385824914419
13079,1.0016435844136555
13081,1.0079939574233483
13083,1.0006265696693066
13085,1.007474432367667
13087,1.003827963474832
13089,1.006753213093494
13091,1.0005268943633339
13093,1.0092070399478956
13095,1.007673756972516
13097,1.0014014307187422
13099,1.0021878437102736
13101,1.0064399623263949
13103,1.0092156260429435
13105,1.0044583239100624
13107,1.004856327950218
13109,1.0023780026138902
13111,1.0038301087562114
13113,1.002860177028303
13115,1.0035057114963781
13117,1.0002059762475535
13119,1.0004106074467223
13121,1.0068068653390891
13123,1.0068179518892264
13125,1.0033023060033583
13127,1.0088546239675384
13129,1.0026611211619993
13131,1.0039578478197388
13133,1.0073137562428316
13135,1.007435681177907
13137,1.0086116576270518
13139,1.0002905904190595
13141,1.0018375868114116
13143,1.0064057177067005
13145,1.0033819976923641
13147,1.0004356167093087
13149,1.005864666739067
13151,1.0039307319846482
13153,1.0036409485854403
13155,1.0026436428468584
13157,1.0000599789311697
13159,1.0018236001697063
13161,1.004742352978186
13163,1.002757364530878
13165,1.0087438867926346
13167,1.0014299966215636
13169,1.008753402870362
13171,1.004048258084957
13173,1.002758403130687
13175,1.0030429185851484
13177,1.0033007079282898
13179,1.0050656398468238
13181,1.003538823112638
13183,1.0064720634703819
13185,1.0042517900708292
13187,1.0067164370968271
13189,1.0060442641835161
13191,1.0024445397242927
13193,1.008127732878501
13195,1.0079898146777293
13197,1.0098898046701639
13199,1.0017505013443346
13201,1.0084783821927368
13205,1.0087198092254261
13207,1.0064216416660237
13209,1.0050638477778269
13211,1.0095725955616903
13213,1.0097269192787632
13215,1.006416974563422
13217,1.0035955985792415
13219,1.0081716518346595
13221,1.0008925546721492
13223,1.0029059564402978
13225,1.0098555429477285
13227,1.0081433338720698
13229,1.0093958247156913
13231,1.0059479457138576
13233,1.0040767245814812
13235,1.0097969010339103
13237,1.0030942558585716
13239,1.0075741427890892
13241,1.005582069579002
13243,1.0022850714551446
13245,1.0001748328740854
13247,1.003837640905041
13249,1.005476853928773
13251,1.0018319040095347
13253,1.0041455488586122
13255,1.0061518993065897
13257,1.0071492312642112
13259,1.0005274252990655
13261,1.0066418082180235
13263,1.0005666730887772
13265,1.0002818549535935
13267,1.001524120259105
13269,1.0065364405721156
13271,1.0005282144288445
13273,1.0002089621220558
13275,1.0011795951134757
13277,1.0094972099071058
13279,1.0090727774992723
13281,1.0008646597509965
13283,1.0030401318351656
13285,1.0094729243904728
13287,1.000976876734565
13289,1.0009459598198103
13291,1.0008600389773472
13293,1.0097647623909867
13295,1.0074310851328243
13297,1.002144843673593
13299,1.000459472612965
13301,1.0096524150891153
13303,1.004254890417597
13305,1.0059837538829497
13307,1.0027919623349812
13309,1.0075836032229093
13311,1.00196802345894
13313,1.0078691193337552
13315,1.0023060304333504
13317,1.0009791222568414
13319,1.004788225545308
13321,1.0081321680689566
15001,1.0038486469646217
15003,1.0002887365066928
15005,1.0055330971229826
15007,1.0068047138892353
15009,1.0074069494533602
16001,1.0040192495430929
16003,1.000970196314924
16005,1.0058432643446338
16007,1.0032954788523818
16009,1.0094688748227485
16011,1.0050271210806132
16013,1.0047226604679897
16015,1.0030920953231837
16017,1.0033878650538355
16019,1.005127547840799
16021,1.00306664795315
16023,1.0089230488436842
16025,1.004390179324291
16027,1.0029202208401302
16029,1.0015539483354114
16031,1.0067235072630036
16033,1.0002578694328559
16035,1.0044999578716993
16037,1.0055012182036722
16039,1.0033978461088033
16041,1.00749817747275
16043,1.0067566049683794
16045,1.0097139898756997
16047,1.0050876679928968
16049,1.0053781236462938
16051,1.0024583931919382
16053,1.0038548389073072
16055,1.000268605911583
16057,1.0068927478859768
16059,1.0031162279968353
16061,1.005403670096667
16063,1.0025499239641096
16065,1.0062103620033966
16067,1.0044758249295405
16069,1.004818606523863
16071,1.0094260713981533
16073,1.0070616032312385
16075,1.0026189973560007
16077,1.0050392181774142
16079,1.0046667281905197
16081,1.0079505260687835
16083,1.0083335511409621
16085,1.0028344282274173
16087,1.0082115145390624
17001,1.00179501405291
17003,1.007627705545377
17005,1.0024878454380135
17007,1.002979311574133
17009,1.00852467840189
17011,1.004200748650563
17013,1.009905658248563
17015,1.0015194302990744
17017,1.0046334903803968
17019,1.0073245033090894
17021,1.0000536705797851
17023,1.0015185527819301
17025,1.0002035674941099
17027,1.0099287786538276
17029,1.0076062466242146
17031,1.003735590977466
17033,1.0015628493469677
17035,1.0009038324280346
17037,1.0053190720055092
17039,1.009758913181992
17041,1.0067461094465777
17043,1.0036513836825873
17045,1.0050085097323749
17047,1.0099890336793946
17049,1.0051876622888445
17051,1.0096420148577636
17053,1.0001636171881783
17055,1.0072096312823418
17057,1.006271614492131
17059,1.0068532985845733
17061,1.0057056708925745
17063,1.0004417677624167
17065,1.0014956393549184
17067,1.009222512703352
17069,1.0023292500836711
17071,1.0099293726932694
17073,1.0067958848439462
17075,1.0044435449012619
17077,1.0092004885643604
17079,1.0079498618961746
17081,1.004289650795849
17083,1.0006859297226736
17085,1.008683045745345
17087,1.0076503993135835
17089,1.007907348372907
17091,1.0074485873272556
17093,1.0027575448937809
17095,1.0085884571966934
17097,1.000022325531441
17099,1.0023727627838375
17101,1.000465595988242
17103,1.0011059645666895
17105,1.0053237913751751
17107,1.0003725618994104
17109,1.0018138104770038
17111,1.0023274014739083
17113,1.0065533880513722
17115,1.0046882052444823
17117,1.0045841252305545
17119,1.0076843255425763
17121,1.0045672141207433
17123,1.0034848874291804
17125,1.0096245104560433
17127,1.0000829330943786
17129,1.003053930000754
17131,1.0060939271637972
17133,1.007828092360528
17135,1.0081641295475856
17137,1.0004607313185516
17139,1.0070913205555758
17141,1.0072025364347181
17143,1.0021407942145626
17145,1.001127750284701
17147,1.007496861576953
17149,1.0024950000623727
17151,1.0000167380408367
17153,1.0022357260357686
17155,1.0003106800881632
17157,1.0024918668669414
17159,1.0033501958233182
17161,1.0027140015953795
17163,1.0091993706717926
17165,1.0023253294738528
17167,1.004675348227781
17169,1.0095742759384405
17171,1.0087919949137023
17173,1.0030925847453276
17175,1.0032649029495746
17177,1.0059332940250945
17179,1.0091786285075424
17181,1.000099997954558
17183,1.003931197921852
17185,1.0084977548636223
17187,1.0041046997838678
17189,1.0072005487521993
17191,1.006919249024122
17193,1.0020545870963036
17195,1.00449594504367
17197,1.0056618671281268
17199,1.007154629352441
17201,1.0082238963157508
17203,1.007599332111695
18001,1.0002831146738522
18003,1.0067063784160166
18005,1.0049731546385567
18007,1.0057386173585359
18009,1.0037296621274587
18011,1.0071402621458692
18013,1.0067388851211914
18015,1.0057948648145636
18017,1.0086160553258932
18019,1.0010190002489163
18021,1.0030102327592028
18023,1.0049513041520284
18025,1.0095860481129955
18027,1.0007196338628181
18029,1.0033707748998484
18031,1.0092589055372596
18033,1.0089794756744916
18035,1.008652455707076
18037,1.003083904560014
18039,1.00846835779751
18041,1.0050533941189592
18043,1.0061977884404236
18045,1.0023882490546088
18047,1.007066738889191
18049,1.0032769710425564
18051,1.0034388042612066
18053,1.0063681717609358
18055,1.0023983192217407
18057,1.0022443872324582
18059,1.0036916294259608
18061,1.0077806362505923
18063,1.0022468204906314
18065,1.0078731839055366
18067,1.0069560527716475
18069,1.0067907988047016
18071,1.004747556737134
18073,1.0074588783335936
18075,1.0001351952010389
18077,1.0030560725816542
18079,1.0067913746382382
18081,1.0098729542426528
18083,1.0000251434108427
18085,1.005099722650337
18087,1.0092383642903702
18089,1.0086353938481667
18091,1.0002313619475443
18093,1.005295581273507
18095,1.0000428710141693
18097,1.0078957494823237
18099,1.0030887484208935
18101,1.0076559066191528
18103,1.0094479334170356
18105,1.0097608505415514
18107,1.0089411118087814
18109,1.0020414345317497
18111,1.00194600169928
18113,1.0062578043288624
18115,1.0054405368224797
18117,1.0000953460780135
18119,1.0039172735115134
18121,1.0090669100551717
18123,1.0089835901891986
18125,1.0020390688409604
18127,1.0038196306915725
18129,1.005603660109961
18131,1.0085278426509223
18133,1.0053199443924135
18135,1.0096819981246303
18137,1.007990521379879
18139,1.0095309187297863
18141,1.0073149221837634
18143,1.0087762413936252
18145,1.0083100379237786
18147,1.0025383848174112
18149,1.0022953642345427
18151,1.0086438342545674
18153,1.0008467773752032
18155,1.0040856360469974
18157,1.0082065777028557
18159,1.0081323933184116
18161,1.0013878281068027
18163,1.0048770980085722
18165,1.0047983240272513
18167,1.0032372145243922
18169,1.0091718114506434
18171,1.0065311761200573
18173,1.0098018748984436
18175,1.0006676621082675
18177,1.0039435017291094
18179,1.008351375620988
18181,1.0042268566921215
18183,1.0026187802704332
19001,1.009978075443171
19003,1.0087312488970233
19005,1.0054647366129945
19007,1.005617092362466
19009,1.0000686296058765
19011,1.0098099458088312
19013,1.0080629516190749
19015,1.0003672935954462
19017,1.0017633019215915
19019,1.0082103123029742
19021,1.0008686554827195
19023,1.0094178572750956
19025,1.0099989106215062
19027,1.008864328095803
19029,1.0073890398935752
19031,1.0048728235116877
19033,1.0008242957634736
19035,1.007304462318422
19037,1.0039686515402788
19039,1.0057022863114669
19041,1.0029339047614163
19043,1.0024215600951474
19045,1.003242969586464
19047,1.0081382802341372
19049,1.0042649154015957
19051,1.0031170791196256
19053,1.0043297039727492
19055,1.0003228736594647
19057,1.0089060428281538
19059,1.0055176155916687
19061,1.0010482622712067
19063,1.0028840693194914
19065,1.0098355274887778
19067,1.0059305742640392
19069,1.0029140488689985
19071,1.00426345661366
19073,1.0025847477943532
19075,1.0003180425711955
19077,1.0084203003215206
19079,1.00292478641708
19081,1.0083841073885502
19083,1.0047855706671391
19085,1.0018289463694763
19087,1.0080186869320467
19089,1.003771114810558
19091,1.0070772918780662
19093,1.0083722966902873
19095,1.0096298565634385
19097,1.0008581453258625
19099,1.0000838648184043
19101,1.0054842498152246
19103,1.00264240961875
19105,1.0046910178974358
19107,1.0007265868715611
19109,1.0050158904667337
19111,1.0012485565317815
19113,1.0083858775819905
19115,1.0075948680263647
19117,1.0007407357821725
19119,1.0083635035472793
19121,1.0032495849242462
19123,1.0035285974287733
19125,1.0017980357424157
19127,1.0083530412149249
19129,1.0040470576384843
19131,1.0004883587068032
19133,1.0096624962782617
19135,1.0025588721396086
19137,1.0093617727790647
19139,1.0030123836264677
19141,1.0083142659469813
19143,1.0066421949245918
19145,1.0086128343198957
19147,1.009761179867029
19149,1.0087148368345662
19151,1.004036651615
19153,1.0081450348149517
19155,1.0071165081030709
19157,1.0006160367083166
19159,1.0092976009773762
19161,1.0046596109162682
19163,1.0013445056569625
19165,1.0042537809719814
19167,1.0060314124512149
19169,1.0057294612508392
19171,1.005747936467863
19173,1.0025583928315174
19175,1.006327024494212
19177,1.0090741483377765
19179,1.003886669465516
19181,1.006305802826201
19183,1.0024398700700725
19185,1.000482810201887
19187,1.005857313639194
19189,1.0004754980218522
19191,1.0072358459492048
19193,1.0067035269780176
19195,1.0036932501890132
19197,1.0041129010964798
20001,1.009177609364773
20003,1.0001313362552307
20005,1.00563303380823
20007,1.0092336112573446
20009,1.0091398724776959
20011,1.005846557638247
20013,1.003812299989096
20015,1.0009890352633237
20017,1.0017378420381235
20019,1.0067967335520367
20021,1.0001663408380976
20023,1.0088348557640798
20025,1.005879344701459
20027,1.0004514666226476
20029,1.0023976742019163
20031,1.0059420091056765
20033,1.000356012654598
20035,1.0077998740195777
20037,1.009199220668306
20039,1.0096122039330193
20041,1.0073365924690052
20043,1.0085682547083952
20045,1.0061070746232974
20047,1.0045854366454157
20049,1.007131347533722
20051,1.0022418066426269
20053,1.0010978432619555
20055,1.007618509761289
20057,1.0095818679298587
20059,1.0057747933232803
20061,1.0048254237099785
20063,1.0053440423127218
20065,1.0047846418438484
20067,1.0044220028117723
20069,1.009470356941462
20071,1.0047976319112826
20073,1.0008110244101398
20075,1.0076551667907023
20077,1.0039156160340792
20079,1.0071069354574889
20081,1.0057956935957442
20083,1.0071318006515586
20085,1.0006199395703568
20087,1.0003387332266782
20089,1.0037854162485114
20091,1.0069316613782193
20093,1.0022368252690599
20095,1.0043340071796256
20097,1.0098081026397299
20099,1.0021487455451734
20101,1.0084794346177137
20103,1.008254608848112
20105,1.00891352185289
20107,1.009151417436288
20109,1.0050732019239814
20111,1.0068193378319559
20113,1.006188909120157
20115,1.0030894854036556
20117,1.002797875861547
20119,1.003415699695011
20121,1.0021845773200768
20123,1.007573835504928
20125,1.0096457286842653
20127,1.0086777174183807
20129,1.0021794040408838
20131,1.0005191547071217
20133,1.0075709390707217
20135,1.0039021380590862
20137,1.008246126161667
20139,1.0077923579658645
20141,1.00625410251999
20143,1.002553393343794
20145,1.0010403576783016
20147,1.0025264832605614
20149,1.0050975969534546
20151,1.0097946297564238
20153,1.0006368724020036
20155,1.0020007200081593
20157,1.0062727945769243
20159,1.0030436439466703
20161,1.0085850429943988
20163,1.0013941698706559
20165,1.0096315752358394
20167,1.0091237489151652
20169,1.0088752905601073
20171,1.0017306904176342
20173,1.0032949612425264
20175,1.0080409684223353
20177,1.0080780806555996
20179,1.0070517541520714
20181,1.0044805088153375
20183,1.0031158927067343
20185,1.0096295793618173
20187,1.0013926226988834
20189,1.0004375406096195
20191,1.0000913051998985
20193,1.007750269096337
20195,1.0005670514596674
20197,1.0053864360447191
20199,1.003672924410673
20201,1.0014690789007221
20203,1.007405954868872
20205,1.0005500683104394
20207,1.0031839383858545
20209,1.005621912254201
21001,1.0040241572335624
21003,1.002591481986592
21005,1.0092600100470606
21007,1.0093097038849868
21009,1.0041609453960922
21011,1.003937444167614
21013,1.003073850474867
21015,1.0085575619291236
21017,1.0056791528599491
21019,1.0008952221290246
21021,1.0085332070311837
21023,1.00534886269957
21025,1.004155918041059
21027,1.0033786494364356
21029,1.0009942659031295
21031,1.0095670215640087
21033,1.0074124351747231
21035,1.00131777563099
21037,1.0051126881913484
21039,1.0055557519778628
21041,1.0016788875703075
21043,1.004272215288623
21045,1.00645746115454
21047,1.0028401057181475
21049,1.0033160895488995
21051,1.0012202847706502
21053,1.0041324064432575
21055,1.005838572847083
21057,1.0011652554069932
21059,1.0061478435883504
21061,1.0039779321475282
21063,1.006781822543908
21065,1.0031483697551682
21067,1.005684992382916
21069,1.006128028482598
21071,1.0069050739914616
21073,1.007569389835373
21075,1.0013635170989992
21077,1.0096524274220027
21079,1.0084364541565376
21081,1.0056231878259863
21083,1.0089035887077835
21085,1.0038243296798075
21087,1.0003428655160613
21089,1.0072703138086794
21091,1.0094334414935535
21093,1.001618546635753
21095,1.0064387394701633
21097,1.0081342556065231
21099,1.0090506705163809
21101,1.002765277591152
21103,1.0012873380938474
21105,1.0024785011387594
21107,1.0057772164101915
21109,1.0091872825649553
21111,1.0058253581119851
21113,1.00919621300836
21115,1.0077003702369123
21117,1.0059838946416781
21119,1.0002179850926334
21121,1.0033307576787613
21123,1.0005745955722491
21125,1.0032224235027403
21127,1.0006233349815845
21129,1.0016781586145007
21131,1.004106859162424
21133,1.0051488474543298
21135,1.0021714168829285
21137,1.0073257737925798
21139,1.0059036462186701
21141,1.0069176053076327
21143,1.0073276568109342
21145,1.0072692033858102
21147,1.0093623390119686
21149,1.0023722033391467
21151,1.0027015563923127
21153,1.0009420106800215
21155,1.0059258635743111
21157,1.0039518550763786
21159,1.0049619888066776
21161,1.0016982145771414
21163,1.0064906025057139
21165,1.0061901936063946
21167,1.0026478442693203
21169,1.0046541669042608
21171,1.0089430093810727
21173,1.007734990343258
21175,1.0022694387676334
21177,1.008788548524996
21179,1.0006731297342155
21181,1.0041392856605542
21183,1.000801182275374
21185,1.009242141941865
21187,1.0004070244182004
21189,1.0015124029610791
21191,1.0091503994383655
21193,1.0058215764490064
21195,1.0079518797509626
21197,1.000164067602618
21199,1.004190950705553
21201,1.0098446563027428
21203,1.0057981906603015
21205,1.0084968278859991
21207,1.0096355947689688
21209,1.006850405090224
21211,1.0032763046169317
21213,1.0030860693427113
21215,1.0007127740787647
21217,1.004277721020061
21219,1.0091538941562188
21221,1.0047806242659398
21223,1.0091099491012678
21225,1.0081714193322824
21227,1.0098418711328996
21229,1.0094769528189207
21231,1.0070648326905298
21233,1.0087121728687598
21235,1.0074807770163237
21237,1.007033945146422
21239,1.007155595778978
22001,1.0072104367535797
22003,1.0037941901186156
22005,1.004235624160526
22007,1.0029407115917304
22009,1.0014826057567132
22011,1.0045844340033419
22013,1.0089994928927228
22015,1.0065126470661783
22017,1.000561803597181
22019,1.0081119994456464
22021,1.009354015272175
22023,1.0082942243998678
22025,1.0072754141415574
22027,1.0015012039581332
22029,1.0034899989225259
22031,1.0056528688834803
22033,1.0007686077937838
22035,1.0010627021413578
22037,1.0093425392201114
22039,1.00702691193276
22041,1.0027508704605128
22043,1.0032736030976135
22045,1.0038442930428018
22047,1.000750712925787
22049,1.0073917699871442
22051,1.001768340120912
22053,1.0080512002482072
22055,1.0084587242977694
22057,1.0063843417742746
22059,1.0076985494339892
22061,1.0017183516668604
22063,1.0057593898267063
22065,1.0067679931444613
22067,1.0066156058085427
22069,1.001172898776432
22071,1.0034438246248003
22073,1.0032503752148234
22075,1.005725268725969
22077,1.0076523712886776
22079,1.0057059036617022
22081,1.0075482743865165
22083,1.00098967596699
22085,1.0087813869086728
22087,1.0053661706936425
22089,1.0003749866046718
22091,1.0064321300302244
22093,1.0051734718736307
22095,1.0022036956884857
22097,1.0076442545861135
22099,1.0093356825120798
22101,1.003226834538435
22103,1.0049391568281636
22105,1.0012817499869844
22107,1.0092979972370482
22109,1.0031879605961924
22111,1.0019478468369953
22113,1.0047842867676946
22115,1.0004328248950118
22117,1.002528368312264
22119,1.000676577364914
22121,1.001273711544942
22123,1.0011215755086587
22125,1.0087241995501797
22127,1.0093043484803463
23001,1.0047452216578014
23003,1.0063041708785334
23005,1.00695901897263
23007,1.0039131332487206
23009,1.0037021046704289
23011,1.0067556901922368
23013,1.0037671451524524
23015,1.0058100951955018
23017,1.0051519281081145
23019,1.0052446060090099
23021,1.0082935886287645
23023,1.007040571088987
23025,1.009606826540381
23027,1.0079097662725158
23029,1.001457925145999
23031,1.0073848330299984
24001,1.0066564755396714
24003,1.0064604397951136
24005,1.00480744626192
24009,1.00062463919816
24011,1.0095148476751008
24013,1.0085192469472442
24015,1.0048680803741186
24017,1.0015858096763082
24019,1.0082447265785577
24021,1.004306716054092
24023,1.0039011392350636
24025,1.006653822319327
24027,1.0075867539853265
24029,1.0006284073662046
24031,1.0076755641648352
24033,1.0073394050135163
24035,1.0058920961052205
24037,1.0033841891435813
24039,1.0016480214725583
24041,1.0010265296918386
24043,1.0000118369371858
24045,1.002064601756921
24047,1.0041133697004998
24510,1.002436443314001
25001,1.00308979053605
25003,1.00390452415361
25005,1.0030826230846543
25007,1.0072462103865873
25009,1.0049172678916498
25011,1.0001932714775204
25013,1.002266682313623
25015,1.0070965824463454
25017,1.003009305232868
25019,1.0092014177169906
25021,1.0071266404744743
25023,1.0028992697587964
25025,1.0051640984617345
25027,1.0066723903018018
26001,1.001933658653371
26003,1.0024618746788687
26005,1.0050712374586226
26007,1.0092489472249029
26009,1.003440103668576
26011,1.004021303281007
26013,1.0019062021068152
26015,1.005932086952731
26017,1.00740150747251
26019,1.0044064226630962
26021,1.0075024937965982
26023,1.0030260472336796
26025,1.007069844180285
26027,1.0025834453317046
26029,1.0078064954177157
26031,1.0083064157829922
26033,1.007977236683598
26035,1.0021547260585062
26037,1.0069424943789393
26039,1.0053854038737635
26041,1.0098603698998905
26043,1.0036157682097906
26045,1.0077125135283904
26047,1.0037007811705732
26049,1.0039685747415403
26051,1.001109921844051
26053,1.002396611858262
26055,1.0016448428657234
26057,1.0015920056104393
26059,1.0000901652765186
26061,1.0079378076947276
26063,1.0046793121793969
26065,1.0080416756796076
26067,1.006125504091988
26069,1.0083133766248051
26071,1.0050376500323743
26073,1.0009404102113884
26075,1.0061676364323393
26077,1.0067776486226274
26079,1.0062650416830106
26081,1.0080133631522659
26083,1.0073149924400622
26085,1.0043263244919887
26087,1.0081910365545523
26089,1.0069178654214268
26091,1.00120366738515
26093,1.0053987291544981
26095,1.0072855580622995
26097,1.0055328820171827
26099,1.0094902865095159
26101,1.0010149126820878
26103,1.0072232169287882
26105,1.008244508114295
26107,1.0070265319490517
26109,1.003855850050644
26111,1.0038548031320333
26113,1.0058656750507502
26115,1.0039709803635453
26117,1.0088318299736583
26119,1.0010993061829445
26121,1.0063915734797275
26123,1.0013411496077365
26125,1.0054015980249904
26127,1.0071558120241069
26129,1.0016551091656025
26131,1.0070403322148966
26133,1.001399800312111
26135,1.0062055374562915
26137,1.005055530293229
26139,1.0029807495380927
26141,1.001115487308553
26143,1.007358541396009
26145,1.00381805133377
26147,1.0008653077727319
26149,1.0077278933827274
26151,1.0023289468348382
26153,1.0073645205370552
26155,1.0056489868594074
26157,1.0019452901157906
26159,1.000764057271748
26161,1.0059324901540263
26163,1.0002521183223942
26165,1.000654644848641
27001,1.007022190819667
27003,1.005388738414013
27005,1.0032629526565437
27007,1.0053922794266843
27009,1.0059164932752491
27011,1.0056528586624447
27013,1.006425540115155
27015,1.0094028810019038
27017,1.0038877752008402
27019,1.0030115141345757
27021,1.0003843491103017
27023,1.0014707305685677
27025,1.0010624981588114
27027,1.0033544418687246
27029,1.0060999072881505
27031,1.0004633389113458
27033,1.007276650044547
27035,1.0039743294997774
27037,1.0096350451578846
27039,1.0056838497519194
27041,1.0077136231238848
27043,1.0086118123229704
27045,1.0088884630132553
27047,1.005184617496798
27049,1.0039674255843107
27051,1.0056051498968843
27053,1.0040207040161744
27055,1.0024071496928324
27057,1.0032391982716666
27059,1.002327698562386
27061,1.0026943763059486
27063,1.0009360773723572
27065,1.004264627207239
27067,1.0023528390660323
27069,1.0044836655239449
27071,1.007921982341763
27073,1.0044831235324319
27075,1.009546118707097
27077,1.0014783689452802
27079,1.0085026499083787
27081,1.0024825811407299
27083,1.0093393345085497
27085,1.0022714792644865
27087,1.007469617859648
27089,1.0006211790085997
27091,1.0062981343716018
27093,1.0021867421791595
27095,1.0067017254164823
27097,1.0063582933762485
27099,1.0092369587966017
27101,1.0062667643062044
27103,1.0040824881164991
27105,1.001935678048492
27107,1.0065745100854413
27109,1.0011636660392282
27111,1.0082851682692178
27113,1.0024733454693886
27115,1.0052415889824873
27117,1.005959473043294
27119,1.003624899903975
27121,1.0066387377757224
27123,1.0025021695889214
27125,1.0003462457377659
27127,1.0095926773613493
27129,1.0032004583134315
27131,1.0071346223466047
27133,1.0050753360692037
27135,1.00668998677113
27137,1.0011093652251568
27139,1.005188478751161
27141,1.0039221955351223
27143,1.004518495668337
27145,1.0096620833294423
27147,1.001362889048369
27149,1.007547001764114
27151,1.0033034279417328
27153,1.0029035798762376
27155,1.0027077739589927
27157,1.0034878155322289
27159,1.003571170595936
27161,1.0027074700518197
27163,1.0066749314777348
27165,1.0004772198370024
27167,1.0033229380580588
27169,1.0028020560683606
27171,1.0075141802054988
27173,1.0014649854401956
28001,1.0094068714209723
28003,1.0017051861204516
28005,1.0037002736406355
28007,1.0019970019343911
28009,1.002866979434721
28011,1.0076102470066812
28013,1.0047640471873835
28015,1.0016257571731024
28017,1.0004663487864458
28019,1.0022991622017028
28021,1.0094560277852602
28023,1.0084531674818804
28025,1.0044017371592402
28027,1.0048199522194599
28029,1.00899366139379
28031,1.0059134538237573
28033,1.0088076706514877
28035,1.0049183910435233
28037,1.0020009761911883
28039,1.0072592697994223
28041,1.0052639331957902
28043,1.0066843957996847
28045,1.001572309166995
28047,1.0064760180191894
28049,1.0038225714740512
28051,1.0033199775281119
28053,1.006714755410726
28055,1.0059223911326096
28057,1.0064910742893671
28059,1.009653330642315
28061,1.007011964695694
28063,1.0064089896227288
28065,1.006135530418414
28067,1.0039871424935374
28069,1.008391916911422
28071,1.0038093860250572
28073,1.0070024363432557
28075,1.0029314364471467
28077,1.0014775644176628
28079,1.00129763307298
28081,1.006345588566908
28083,1.003279549304796
28085,1.0027504928859239
28087,1.0059205932935646
28089,1.000256697544655
28091,1.0024622565198467
28093,1.003405472853171
28095,1.007083735906072
28097,1.0054500124716375
28099,1.0085598861712646
28101,1.003345063629985
28103,1.0029644099227542
28105,1.00033197408565
28107,1.0095171730063834
28109,1.0050149214639508
28111,1.005025239146938
28113,1.009234361453456
28115,1.0028991823592859
28117,1.0033210613004575
28119,1.0065634769439515
28121,1.007851759548994
28123,1.006993107254325
28125,1.0078871828252227
28127,1.005751080392906
28129,1.008628234827116
28131,1.0055010673006917
28133,1.0022934062725122
28135,1.0054170110649863
28137,1.0071294468515695
28139,1.006535753394149
28141,1.0024301676297074
28143,1.0004107822800412
28145,1.002524807603906
28147,1.009840420712537
28149,1.0018446624039046
28151,1.004643717584909
28153,1.0063834579935755
28155,1.0087947318504955
28157,1.007602586375302
28159,1.009089531055606
28161,1.006043836935785
28163,1.0086531880812781
29001,1.0026384299713922
29003,1.0043056484216986
29005,1.0084377247434928
29007,1.0032556366777785
29009,1.008712221442384
29011,1.0036311506788833
29013,1.0036339470372335
29015,1.0030903291479114
29017,1.0054694308363756
29019,1.0012906873889873
29021,1.0003660265184802
29023,1.00897412979971
29025,1.0092893825457379
29027,1.0007617066189192
29029,1.005496975549615
29031,1.0053968215975517
29033,1.0037243068041761
29035,1.005689048205046
29037,1.0045811934572806
29039,1.0048963501420456
29041,1.0075533682308724
29043,1.0052596026733411
29045,1.0032365809280532
29047,1.0058145611208895
29049,1.0064075399707613
29051,1.0066231134399937
29053,1.0061830665097697
29055,1.006646027647428
29057,1.0031009278366725
29059,1.004461339130793
29061,1.0066870616925434
29063,1.0075436854160464
29065,1.0043414612865822
29067,1.0036533284351694
29069,1.0071588265517286
29071,1.0022217317983535
29073,1.00009492195536
29075,1.0047116600245045
29077,1.0017337315482635
29079,1.0037828275903635
29081,1.002912341502633
29083,1.0077726188851412
29085,1.0033140849939983
29087,1.0064067579138933
29089,1.0067391259659932
29091,1.0045645428555237
29093,1.0008107793552892
29095,1.007003650860754
29097,1.0007516791467537
29099,1.000992129597007
29101,1.001959973687749
29103,1.0028037579778817
29105,1.0084645170032105
29107,1.0067492177710449
29109,1.0038721278841676
29111,1.0097862745116075
29113,1.0024360254228315
29115,1.0060981438738426
29117,1.0084721410895308
29119,1.0080202257795678
29121,1.0009030774856562
29123,1.0069727422367454
29125,1.002578637555527
29127,1.0035573347806546
29129,1.0048899198231116
29131,1.007907501660654
29133,1.0016620144266906
29135,1.001085552350396
29137,1.0015344124504364
29139,1.0021822353559198
29141,1.0005950185381103
29143,1.0092635646957009
29145,1.0031908340708875
29147,1.0017697562986643
29149,1.0063783420368206
29151,1.0078699611876663
29153,1.0075323416560142
29155,1.0071870719278708
29157,1.0005052997543797
29159,1.0078215951922045
29161,1.0050187864125186
29163,1.006490860200315
29165,1.0095642462453922
29167,1.0081067253847407
29169,1.00825372009226
29171,1.0018146721887817
29173,1.0047641712632307
29175,1.0094932548501037
29177,1.005826852520707
29179,1.0010258636976423
29181,1.0073181982488524
29183,1.0004292684710505
29185,1.0074229726700374
29186,1.0087977262712264
29187,1.0042525014061334
29189,1.004136128629851
29195,1.0030421137725474
29197,1.0087693828510373
29199,1.0054778460404838
29201,1.0057925994063461
29203,1.0066170739084996
29205,1.0030023094756289
29207,1.0043278631135042
29209,1.007416057622063
29211,1.00985486968539
29213,1.0003430554006454
29215,1.0004264849794657
29217,1.0042808248198294
29219,1.006596218348096
29221,1.0038636462483532
29223,1.0099963865396517
29225,1.0019535925808614
29227,1.0000792545800743
29229,1.0019012936231277
29510,1.008868423751013
30001,1.0014514899286846
30003,1.0047897478030665
30005,1.0041927618072144
30007,1.0066572532129112
30009,1.0005459558641945
30011,1.0065875017106622
30013,1.0035475164398233
30015,1.009260395590825
30017,1.008488873295859
30019,1.0039950624847758
30021,1.0099289184351785
30023,1.0005194375265625
30025,1.007886322200642
30027,1.0043383652402735
30029,1.004333051445876
30031,1.0017013379814534
30033,1.0051487991997226
30035,1.0008471849688008
30037,1.0061657717900039
30039,1.0024159044085388
30041,1.0072485804576936
30043,1.0060736151825658
30045,1.0074640500875145
30047,1.0074974207023422
30049,1.0019670904522044
30051,1.000006747294866
30053,1.0036576125939274
30055,1.0091906921579652
30057,1.0057789938463584
30059,1.0072750200562501
30061,1.0087957033752355
30063,1.009060582477247
30065,1.0052902515730944
30067,1.0054094208491207
30069,1.008509388412331
30071,1.0080748543529001
30073,1.0069885859990544
30075,1.0060446429411631
30077,1.0061721510257855
30079,1.0036291134462338
30081,1.008409177474017
30083,1.0061777970508725
30085,1.0022352806224153
30087,1.0023984327850954
30089,1.0086160301377323
30091,1.006257075456366
30093,1.0039870412842793
30095,1.001871007592353
30097,1.006102159732452
30099,1.0018431038001951
30101,1.004701670312183
30103,1.0067751053424123
30105,1.0056541543432111
30107,1.0092209990012626
30109,1.0003972120185176
30111,1.0027979487585141
31001,1.0005708610123798
31003,1.001946042300215
31005,1.0012398333584553
31007,1.0073266162702024
31009,1.003693759412944
31011,1.0092504427120301
31013,1.0002337772169207
31015,1.0065292418494418
31017,1.0097054480026548
31019,1.0017583871981002
31021,1.0044243223028557
31023,1.0070188989117028
31025,1.0063313799932316
31027,1.0056602713056566
31029,1.003267561270544
31031,1.007281999535329
31033,1.0065325527706834
31035,1.0016280028544375
31037,1.009640907313057
31039,1.0055567290894012
31041,1.005254616010359
31043,1.0084823667758747
31045,1.0064041351062898
31047,1.0007447928660638
31049,1.0050658937379027
31051,1.0078059649289401
31053,1.006999801201769
31055,1.0097076872414275
31057,1.0002491627968593
31059,1.002612189566404
31061,1.0054915645628242
31063,1.0061948979902076
31065,1.0027435598590775
31067,1.0082680166637588
31069,1.00164347792916
31071,1.0000084910962173
31073,1.0095239139837613
31075,1.003915567944301
31077,1.009574898009561
31079,1.0027793160034522
31081,1.0006344863513124
31083,1.0077251960455302
31085,1.008358195318257
31087,1.0049208689884763
31089,1.0007385034017786
31091,1.0065413407497334
31093,1.0018214397447516
31095,1.0084938154815628
31097,1.0027402311954219
31099,1.0084770639031393
31101,1.0042692454189353
31103,1.0059648783924815
31105,1.0078956251682096
31107,1.0004043924298294
31109,1.0082116600618978
31111,1.0013864804176549
31113,1.0035841835520298
31115,1.0047278103011106
31119,1.0089542658366863
31121,1.0002244062789558
31123,1.0055920260829678
31125,1.006425225000624
31127,1.0031658230909908
31129,1.0029048677130945
31131,1.0049046915851048
31133,1.0018710041786467
31135,1.0046811892960497
31137,1.0076502532349014
31139,1.0084539550416052
31141,1.003851613848989
31143,1.006173017131437
31145,1.0000002051796089
31147,1.0055035248367146
31149,1.009752363053925
31151,1.0031226502716122
31153,1.0059477612420924
31155,1.0076228365764561
31157,1.0060893302098963
31159,1.0041849997046683
31161,1.0015257557330952
31163,1.0046370139745824
31165,1.002947842091786
31167,1.006959202887613
31169,1.0044191276771448
31171,1.0084987976460733
31173,1.0019332243689318
31175,1.0041772012205357
31177,1.0055750497639482
31179,1.0012601467602829
31181,1.005879100778345
31183,1.0029092140532758
31185,1.0022953718014866
32001,1.0014191073972933
32003,1.0034988192563352
32005,1.0092898241519421
32007,1.0003100585933107
32009,1.0085215620830794
32011,1.0039736089778515
32013,1.0056160163872638
32015,1.0051281229692537
32017,1.0092574026160723
32019,1.0077012926920572
32021,1.0098482353532796
32023,1.007944299516217
32027,1.002958884942067
32029,1.009628836793593
32031,1.0098356579080792
32033,1.001230937036167
32510,1.0090104418378298
33001,1.0066420218289316
33003,1.0092199377003312
33005,1.00915739020219
33007,1.0089137303118723
33009,1.0088527559368239
33011,1.0011764623899322
33013,1.0014351570827826
33015,1.0011777941937696
33017,1.0009102908880028
33019,1.00353285285074
34001,1.0068395841432465
34003,1.003546926130726
34005,1.007203003332751
34007,1.008202831250202
34009,1.006662147401464
34011,1.0046510472628296
34013,1.0029551743959095
34015,1.0012440336245523
34017,1.004936518279114
34019,1.007195989533699
34021,1.0054824321150404
34023,1.0072148191929047
34025,1.0033521967234351
34027,1.0006679606305535
34029,1.0077109792603258
34031,1.0021972411182956
34033,1.0061628506023603
34035,1.0080429274455474
34037,1.0013911000184468
34039,1.0059849471001328
34041,1.006893743618401
35001,1.0074653086681893
35003,1.001476666111415
35005,1.0082511616197938
35006,1.0009414856615046
35007,1.0051958346815681
35009,1.0044341269619788
35011,1.0022176607423556
35013,1.0030193074144724
35015,1.001644357832889
35017,1.0042572619482126
35019,1.0003551092757057
35021,1.0088891527529615
35023,1.001634873350366
35025,1.0088601775645596
35027,1.00863577400134
35028,1.0045167720715769
35029,1.004977257122151
35031,1.0030191354053448
35033,1.0099687459997553
35035,1.0067077219059022
35037,1.0095180828593555
35039,1.0041479684438819
35041,1.008830165794328
35043,1.0044823463321706
35045,1.0086682887210132
35047,1.0013092655949487
35049,1.006368544267685
35051,1.0067870351483914
35053,1.0065617069728643
35055,1.0044702761803934
35057,1.006839161100308
35059,1.002394631008166
35061,1.0059584859449708
36001,1.0055423492444933
36003,1.0031833952213043
36005,1.0077886380898122
36007,1.0008087206545868
36009,1.0017143966129207
36011,1.0047115003961944
36013,1.008917366979251
36015,1.0057515955452794
36017,1.008420668509392
36019,1.005175697191476
36021,1.0078545596861095
36023,1.0032579739474563
36025,1.0081514231718764
36027,1.0040168607056577
36029,1.0055883116141187
36031,1.0017588149153016
36033,1.0092043302410556
36035,1.0070145911943729
36037,1.0085885481914938
36039,1.0020786290715544
36041,1.0006768435526923
36043,1.0033720926331102
36045,1.0051668539095493
36047,1.0080236988295903
36049,1.0039772641550608
36051,1.0026995832490107
36053,1.0037254511241538
36055,1.0070360741046116
36057,1.0033621809695101
36059,1.0097916562635514
36061,1.0017497908872075
36063,1.0075309612463401
36065,1.0058916361238242
36067,1.0023309560015654
36069,1.0075361363714068
36071,1.0044754021055786
36073,1.0068239827554302
36075,1.0066225724516464
36077,1.0011064343324807
36079,1.0083998302486175
36081,1.006814749063783
36083,1.0078058671263666
36085,1.0044776583496406
36087,1.001950617217028
36089,1.0032621352374733
36091,1.0090146922839425
36093,1.0093801860185143
36095,1.004818663985273
36097,1.002987955751494
36099,1.007303111241085
36101,1.0076599301026627
36103,1.0081546629740692
36105,1.000310838107225
36107,1.0000973387239662
36109,1.0035715562828185
36111,1.0015249661777652
36113,1.0080498185851412
36115,1.0053284385357864
36117,1.008253481263618
36119,1.0017691307674415
36121,1.0062722270886182
36123,1.0058017209083527
37001,1.0034037830083926
37003,1.0051708130055776
37005,1.005890275371247
37007,1.0088948780453582
37009,1.0005563838475617
37011,1.0082337386682476
37013,1.0098015638928095
37015,1.0073177505810864
37017,1.007373469822608
37019,1.002179742974401
37021,1.0052307328094914
37023,1.0070594032018327
37025,1.0060228100435291
37027,1.0038513160711677
37029,1.0094011841005575
37031,1.0051398674138787
37033,1.0096987586543553
37035,1.0056387568150242
37037,1.0079338344668294
37039,1.007420231031538
37041,1.0066082377519292
37043,1.000144608457538
37045,1.000774291505003
37047,1.0058148428820464
37049,1.009117814217353
37051,1.0060114166686285
37053,1.0023599599583783
37055,1.0032021840161556
37057,1.0062315987408028
37059,1.0059705446561502
37061,1.009557029102151
37063,1.0052908456400755
37065,1.0035501488197325
37067,1.0052499275674143
37069,1.007862339832708
37071,1.0054036380578388
37073,1.003260525502877
37075,1.0033862105110507
37077,1.0075681181924234
37079,1.0006644827686129
37081,1.002747552761745
37083,1.0015303759040854
37085,1.0094467563319722
37087,1.0009009426316817
37089,1.0075818360959625
37091,1.0063042556946917
37093,1.0063280440067097
37095,1.0076343302714788
37097,1.004004879720738
37099,1.0040074336499727
37101,1.0028870578223745
37103,1.0059775003688567
37105,1.0092980525211026
37107,1.0092398319939093
37109,1.0070296067218139
37111,1.0090618577103305
37113,1.0096351882835577
37115,1.007951049430028
37117,1.0040783332894334
37119,1.004832249663317
37121,1.009312569200956
37123,1.006700080752747
37125,1.0082069396118618
37127,1.001161140357454
37129,1.0019390141509064
37131,1.0034410846732298
37133,1.0018824065555956
37135,1.0090646506465155
37137,1.0021689054699747
37139,1.005571837143305
37141,1.0008545387014949
37143,1.0015496184652386
37145,1.002474151349712
37147,1.0098289340148439
37149,1.0079706375700392
37151,1.0067355505876956
37153,1.009162619838498
37155,1.009562086593676
37157,1.0045357291427874
37159,1.0032768944944264
37161,1.0031531532685427
37163,1.0003572910208145
37165,1.0027963809372633
37167,1.0035504596719373
37169,1.0003689883944873
37171,1.008826048156189
37173,1.0084785673579975
37175,1.002515009199344
37177,1.0080255890030958
37179,1.0079621187908172
37181,1.0033501275973504
37183,1.006970680386311
37185,1.0028985783803013
37187,1.000702762358877
37189,1.0050479783392898
37191,1.0043832704087905
37193,1.0013815291451937
37195,1.0049055333699008
37197,1.009493757457569
37199,1.0073139314718913
38001,1.007388723099458
38003,1.0075755079508228
38005,1.0074463380726855
38007,1.000199014354006
38009,1.0092469093569394
38011,1.0083013776443877
38013,1.00274579407433
38015,1.0055274350483663
38017,1.0061500592995316
38019,1.0013194502911624
38021,1.0025396337685712
38023,1.0002325043528415
38025,1.0086395172005427
38027,1.000249050697462
38029,1.0031869583786086
38031,1.0007824649294623
38033,1.0078140592617106
38035,1.0092498277307118
38037,1.005628156198178
38039,1.0013956681730831
38041,1.005581608582861
38043,1.0077034123945268
38045,1.007184162052263
38047,1.0074171900586655
38049,1.0027917384255347
38051,1.0007373752258424
38053,1.0014896363854846
38055,1.0095550648507894
38057,1.00613513987096
38059,1.0072789960586392
38061,1.008990645917806
38063,1.008527545665513
38065,1.0021840184971913
38067,1.0005806004460875
38069,1.0092512820086346
38071,1.0098166829263775
38073,1.0056734419351399
38075,1.0088840191483779
38077,1.0023181604971476
38079,1.0011103870458986
38081,1.0049981693740841
38083,1.0081118341948379
38085,1.0065465362324033
38087,1.0063732016814377
38089,1.0001745890822518
38091,1.003174928923651
38093,1.0093949578652248
38095,1.0013427353951692
38097,1.0072636594518716
38099,1.0075931115380805
38101,1.0073283324319229
38103,1.0098928489410017
38105,1.0040920821135193
39001,1.0068219339220903
39003,1.001936551133838
39005,1.0039970991587108
39007,1.0049156060243312
39009,1.0021482754110003
39011,1.0090681074235885
39013,1.0071619783046737
39015,1.0028375776809249
39017,1.001349564392976
39019,1.002878673284225
39021,1.0062298538224308
39023,1.008264086383103
39025,1.0050316825705516
39027,1.0010249467350452
39029,1.0024931486641109
39031,1.0034514391938956
39033,1.0063613625371102
39035,1.0024664337536167
39037,1.0023392839265388
39039,1.002862018686212
39041,1.0059252904445355
39043,1.0049263028394217
39045,1.0084163595330244
39047,1.006979323144133
39049,1.0066682187195632
39051,1.0015465006200461
39053,1.0005522779861218
39055,1.0050999886455927
39057,1.0007164166537155
39059,1.0036401791592633
39061,1.0002611234836158
39063,1.0017680897662986
39065,1.0011036786868923
39067,1.0080098500397587
39069,1.0034612615256615
39071,1.00078846518272
39073,1.0026548020453967
39075,1.006828080860699
39077,1.0074563527217235
39079,1.0011986512984952
39081,1.0077856643993393
39083,1.0037055915821709
39085,1.0067938266893501
39087,1.0067150778929694
39089,1.0079359272107764
39091,1.0069718278030906
39093,1.000388683566725
39095,1.0051948111088955
39097,1.0016618117347098
39099,1.009699645374927
39101,1.002558345385111
39103,1.0042010735126923
39105,1.0019670215177343
39107,1.0013458913381796
39109,1.0060092960060372
39111,1.0049317964874152
39113,1.0037465973410304
39115,1.0008541902215153
39117,1.0073595936466857
39119,1.0000585629789842
39121,1.0045766158832932
39123,1.0063257198079534
39125,1.0043071083560935
39127,1.001262089839112
39129,1.0077824988618505
39131,1.0032394395230362
39133,1.0013475555118194
39135,1.005502658147464
39137,1.0001917155756401
39139,1.0032406369074494
39141,1.0075064236959341
39143,1.0091271132936417
39145,1.005917274594405
39147,1.0021761158539728
39149,1.0022000015071415
39151,1.006038716642124
39153,1.0040676170683873
39155,1.0017726429877591
39157,1.0078739703967372
39159,1.0020024303650124
39161,1.003216408346484
39163,1.000614294387781
39165,1.0070137211310266
39167,1.0027527792760216
39169,1.0023286696234834
39171,1.0030335828602226
39173,1.0087413053297272
39175,1.0051801857047282
40001,1.001578847298672
40003,1.007744808872847
40005,1.0020845324562948
40007,1.0041247614818958
40009,1.0056807581924787
40011,1.0058444291472972
40013,1.0006903211650726
40015,1.0083680449170305
40017,1.0047943075993786
40019,1.009892606997179
40021,1.007174424079476
40023,1.0099256890428392
40025,1.0045347524806512
40027,1.0014078140724068
40029,1.0072730937702965
40031,1.007777602824831
40033,1.008528352678825
40035,1.0030144902560632
40037,1.0051068398411533
40039,1.008575055733604
40041,1.008647362366119
40043,1.0002568384305615
40045,1.0067091678405349
40047,1.0060168734957078
40049,1.000833377773612
40051,1.0093013607951196
40053,1.0044537229384256
40055,1.0067425771012741
40057,1.008827977955031
40059,1.0013012107086388
40061,1.0085584314350473
40063,1.0072430562973116
40065,1.0083959232195716
40067,1.0049483570517388
40069,1.0003348485353774
40071,1.0067051584371063
40073,1.0037453242842018
40075,1.004024158343629
40077,1.0044126220150638
40079,1.0049290963578181
40081,1.0066193423256593
40083,1.0072677567625188
40085,1.0077684228636163
40087,1.0067160619110147
40089,1.0080347941992074
40091,1.001221492078906
40093,1.0083681766619783
40095,1.0038727908715945
40097,1.0052877667576399
40099,1.004337794004949
40101,1.004757172044082
40103,1.0028542768512447
40105,1.0016995091079968
40107,1.0010489473304327
40109,1.0045139883906806
40111,1.0012526099655195
40113,1.0024498847254795
40115,1.0013361588562617
40117,1.001091212315753
40119,1.0088246114784776
40121,1.006740259530087
40123,1.0092375911186893
40125,1.006440121582329
40127,1.0084395102403385
40129,1.0055529858926964
40131,1.0046263005067522
40133,1.005284774010034
40135,1.0032022549447677
40137,1.0065797239099379
40139,1.0089717490167067
40141,1.0078235344648778
40143,1.0046200001073728
40145,1.0095391908582698
40147,1.009854230941181
40149,1.004931006097302
40151,1.0086463984131278
40153,1.0000477025617813
41001,1.0006665559174668
41003,1.0002238940892878
41005,1.0077316299734762
41007,1.0007977911144323
41009,1.0001705054606418
41011,1.0014741877335527
41013,1.0030629479129853
41015,1.0046470068189746
41017,1.0006540328471611
41019,1.0049898223355092
41021,1.002480614610446
41023,1.0027437149509761
41025,1.0082190225164787
41027,1.0098692357605235
41029,1.0046386402926162
41031,1.0032177069515449
41033,1.0093144817615958
41035,1.005004484464663
41037,1.0073035357118072
41039,1.0041374003095989
41041,1.0020254857765816
41043,1.0065488511256762
41045,1.0066484264953672
41047,1.0046018385007895
41049,1.0026994963508085
41051,1.0083181349206276
41053,1.0027531812438557
41055,1.0065902398626678
41057,1.003839856238927
41059,1.0047248067793773
41061,1.0021140266150048
41063,1.0064947994547937
41065,1.0022582583361919
41067,1.0048571404660762
41069,1.003284593931464
41071,1.0096360573278462
42001,1.0098222109589354
42003,1.0075349130733804
42005,1.0098391749485478
42007,1.0011355064280774
42009,1.0099232465401344
42011,1.0010355591637083
42013,1.004154517736791
42015,1.0023894757015446
42017,1.009538459634052
42019,1.0063578993479914
42021,1.0059712753382344
42023,1.0099743850488734
42025,1.0061242610389076
42027,1.0064615988093604
42029,1.0004477429929677
42031,1.0085905060203353
42033,1.0097008943174213
42035,1.0096031115052368
42037,1.0022110560953807
42039,1.0022591534397016
42041,1.0036604712521318
42043,1.0031021007091756
42045,1.003056146473975
42047,1.006052167171351
42049,1.0080560800683696
42051,1.009367681606746
42053,1.0006786047857734
42055,1.002779784763841
42057,1.0025501377344295
42059,1.0035743966357384
42061,1.0042433426311457
42063,1.0038917147170303
42065,1.009521472093812
42067,1.004371290560844
42069,1.0055159257108486
42071,1.007486332804859
42073,1.0072508479698652
42075,1.0058296456669458
42077,1.0086083202349918
42079,1.0062418130894082
42081,1.008747588473886
42083,1.003027657505825
42085,1.0013202367691334
42087,1.0081952045654927
42089,1.003825179079749
42091,1.0065108457164125
42093,1.007373111964696
42095,1.0032671047542725
42097,1.0050516338857003
42099,1.0089492651513952
42101,1.0087979323523848
42103,1.0074935707751276
42105,1.007627395319435
42107,1.0089768444908134
42109,1.0073633238728992
42111,1.003395853593035
42113,1.0012078267964002
42115,1.0042188409997475
42117,1.0008734341585368
42119,1.0011577077699079
42121,1.0095017209283657
42123,1.006758869606025
42125,1.008516087004703
42127,1.006428991932735
42129,1.0041854002840007
42131,1.0002515878246159
42133,1.0095583703697504
44001,1.0007093247205259
44003,1.0061016306601984
44005,1.0010220321173051
44007,1.0028414767858957
44009,1.001858174572988
45001,1.0055371691515889
45003,1.008870753451221
45005,1.0063562230779772
45007,1.0066418801950625
45009,1.009089314962133
45011,1.007494252279711
45013,1.0086595583638402
45015,1.0041639209185986
45017,1.0086535633777212
45019,1.0064586138856584
45021,1.0013560778274133
45023,1.0003871250836707
45025,1.002440344136858
45027,1.0037834964882668
45029,1.0083756786608087
45031,1.007412445570253
45033,1.0095537572780693
45035,1.005591747987465
45037,1.00747741651608
45039,1.0027528338524263
45041,1.006795778928953
45043,1.0070615120253628
45045,1.0084841532841957
45047,1.005364035108751
45049,1.0064900514759518
45051,1.0020304881010489
45053,1.0073675909012645
45055,1.0083841172264014
45057,1.005937377461864
45059,1.001156744623742
45061,1.0031285735631195
45063,1.004755146510113
45065,1.0067716239140283
45067,1.0032032710786523
45069,1.0084029105133911
45071,1.003717897913654
45073,1.0004283634794695
45075,1.0079399441666983
45077,1.0064422316951105
45079,1.008019564947307
45081,1.0034888981326688
45083,1.0001763019215264
45085,1.0007375292365783
45087,1.0011180078070083
45089,1.008051475781557
45091,1.0030143475436015
46003,1.0099789850942247
46005,1.007583883964969
46007,1.0060115495309023
46009,1.0098361941199643
46011,1.003163091883165
46013,1.0016561556912118
46015,1.0073727296965131
46017,1.0027808337878965
46019,1.0096103692806675
46021,1.0098806931225017
46023,1.0092640439502536
46025,1.0094476176290954
46027,1.0061565481741637
46029,1.0069211864956864
46031,1.000942461577727
46033,1.0076305015972868
46035,1.0020206336307689
46037,1.0084032605970439
46039,1.00961531820611
46041,1.0021237762916548
46043,1.0007803111760563
46045,1.0048389013926788
46047,1.0079154937194832
46049,1.0077064016994353
46051,1.006968185056566
46053,1.0082069599023473
46055,1.0017498835259515
46057,1.0065193775788595
46059,1.0060567931589766
46061,1.001534317237597
46063,1.0041442707063855
46065,1.0085252971930956
46067,1.0097180180404817
46069,1.0066543017757734
46071,1.0092194104198624
46073,1.001320492305834
46075,1.0097506052564296
46077,1.0003350649918072
46079,1.005272592734711
46081,1.0029100832947082
46083,1.008139091067848
46085,1.0021754363209752
46087,1.0001153003673313
46089,1.004146094592362
46091,1.0006410799766645
46093,1.0029009256918775
46095,1.006437476916667
46097,1.0029470317661657
46099,1.0024579322732123
46101,1.0015549566307034
46103,1.0013517227408453
46105,1.0052585737318143
46107,1.0068150702294347
46109,1.0045273320573564
46111,1.0012360309904784
46115,1.0064775629952152
46117,1.0055712189832164
46119,1.0038127545526545
46121,1.0033004687712601
46123,1.0018315289115014
46125,1.0014629945883147
46127,1.003387716944687
46129,1.0004163112410345
46135,1.004366274128013
46137,1.0060157392928493
47001,1.009416542752929
47003,1.0062582814327774
47005,1.006240760468559
47007,1.003744148056036
47009,1.0013331715628104
47011,1.0044693765325585
47013,1.0059867631906751
47015,1.007240335966558
47017,1.0082608677389544
47019,1.0025592809206811
47021,1.0024122007522789
47023,1.0056529986310452
47025,1.0056601518313444
47027,1.0021794779670277
47029,1.0058747531035128
47031,1.003458788499744
47033,1.0063931491887863
47035,1.002910447136722
47037,1.0059229179207159
47039,1.0076831004123692
47041,1.0098015877570194
47043,1.0091106805647176
47045,1.0050353874732745
47047,1.0048834908331763
47049,1.0043770000593575
47051,1.0002775059798863
47053,1.0016595449748626
47055,1.0005918908830405
47057,1.0069635508477532
47059,1.0041323465021816
47061,1.000637698780654
47063,1.0069057507765387
47065,1.0064443586282794
47067,1.007199628306905
47069,1.0059983411776157
47071,1.0016153955994729
47073,1.0006139229774218
47075,1.0081714097022705
47077,1.0021580899896587
47079,1.0054252924047418
47081,1.0048521701473219
47083,1.009210525404365
47085,1.005524397608543
47087,1.0058001688538716
47089,1.003195050337158
47091,1.0095869470176866
47093,1.0061237381573924
47095,1.0000498038359127
47097,1.0055608226373496
47099,1.003638653883052
47101,1.0003211220429884
47103,1.0043154978550708
47105,1.0077356648837863
47107,1.0050378945795637
47109,1.0063945908614
47111,1.0063974146572032
47113,1.0067101930248343
47115,1.0038759619456858
47117,1.0037000483905685
47119,1.0000458453134529
47121,1.0015422246052892
47123,1.0095081021278156
47125,1.0084241671578822
47127,1.002751084373899
47129,1.0040119194892578
47131,1.0093992132338463
47133,1.0025044447955358
47135,1.0053253296928892
47137,1.000220797840554
47139,1.006197348363528
47141,1.0093007359817439
47143,1.0088474338484001
47145,1.0050196922062753
47147,1.0064964197227717
47149,1.0056979819401328
47151,1.0006697424415418
47153,1.0015872348687676
47155,1.0096381731476975
47157,1.0025596869687168
47159,1.003844492160964
47161,1.0050894430795452
47163,1.0097913212939333
47165,1.0068999350622978
47167,1.0062959849773037
47169,1.0052439997244087
47171,1.0070067441459456
47173,1.0066401589052836
47175,1.0090284089226098
47177,1.0054183530536462
47179,1.004215025881905
47181,1.0080716202806388
47183,1.0079978333468682
47185,1.001698364380121
47187,1.0023679199785647
47189,1.0095863826129972
48001,1.0044410953838239
48003,1.005196606965312
48005,1.003101601245798
48007,1.0048107102289736
48009,1.0074335660719567
48011,1.0048234509746368
48013,1.0031478467995867
48015,1.0009600100439437
48017,1.009282615205376
48019,1.008716578228019
48021,1.0079136494334973
48023,1.0069407096384257
48025,1.005155098844506
48027,1.0089739678612246
48029,1.0079170151279706
48031,1.0081601084182445
48033,1.0030955047299948
48035,1.004234582734024
48037,1.0070680226412325
48039,1.0037106230320776
48041,1.0049397465327548
48043,1.0064651296770513
48045,1.0043775840158429
48047,1.0079303960716288
48049,1.0011627883888452
48051,1.0071805650978203
48053,1.0014521006061128
48055,1.0093783965492853
48057,1.0031403768069496
48059,1.0079543236103947
48061,1.0052141697810868
48063,1.0009108706658787
48065,1.005825868543911
48067,1.0091217773688257
48069,1.0015723440443791
48071,1.0032130694936083
48073,1.0043915867095774
48075,1.0027505306334066
48077,1.0094377947473636
48079,1.0037750026480847
48081,1.0065806205848569
48083,1.0022391676437006
48085,1.0021970593748164
48087,1.0017584933560395
48089,1.0043481226352673
48091,1.0053285820229005
48093,1.0001074816575157
48095,1.0083292342761312
48097,1.005127538925311
48099,1.0015720992341643
48101,1.00067293312503
48103,1.0006319929712932
48105,1.0025764348685853
48107,1.0049929214797098
48109,1.00860239536003
48111,1.009029654268909
48113,1.008323279199794
48115,1.0032856346812074
48117,1.003065577517061
48119,1.00987458345155
48121,1.0068128062998747
48123,1.0030495194125755
48125,1.003290801523248
48127,1.004346444393107
48129,1.0062180669782483
48131,1.0089797915997167
48133,1.0019830711969642
48135,1.0008440339768445
48137,1.0040575212395424
48139,1.0024545548261057
48141,1.005760326734391
48143,1.0069921483714743
48145,1.0031073595371742
48147,1.00685451288862
48149,1.003431472548578
48151,1.0063496813966626
48153,1.006330608067474
48155,1.0027815970342164
48157,1.006357227517102
48159,1.0038095509572367
48161,1.0033645494436068
48163,1.002892877470665
48165,1.003456452601343
48167,1.0078674489206114
48169,1.0024517881417252
48171,1.0068198740514631
48173,1.009006205849809
48175,1.0035042894103456
48177,1.000295120644949
48179,1.00024606029125
48181,1.001395028883503
48183,1.0011004484309867
48185,1.0074808524987144
48187,1.0029485071690738
48189,1.006525097736007
48191,1.0004245543572536
48193,1.0029574027607815
48195,1.0023414623467728
48197,1.0027688051035237
48199,1.001907177691338
48201,1.0061791602110233
48203,1.0066267286965667
48205,1.0014846549048326
48207,1.0074114598461477
48209,1.0025004547625862
48211,1.0028292250249957
48213,1.0082880833884362
48215,1.0090116591527118
48217,1.0082475631346843
48219,1.0014776282035094
48221,1.0099926763509652
48223,1.0067215541478236
48225,1.005106686215407
48227,1.0095484140775344
48229,1.008173803954266
48231,1.0069174303962873
48233,1.0083839724848214
48235,1.0038546658327792
48237,1.0068443844544022
48239,1.0019058001872976
48241,1.009880006352671
48243,1.005889817000934
48245,1.008142372474353
48247,1.0040733988053103
48249,1.0075858881927517
48251,1.0038738489946937
48253,1.0059000508696059
48255,1.0077813481568632
48257,1.0011647391329623
48259,1.0035678585136965
48261,1.005449369489761
48263,1.0033399770608817
48265,1.0030916723475567
48267,1.0028166408958272
48269,1.0022779182180936
48271,1.0084890456255564
48273,1.009236891294006
48275,1.0070016944815632
48277,1.0002999951276508
48279,1.00786233195129
48281,1.0053193984111537
48283,1.007581100878836
48285,1.0043733837366282
48287,1.0004128191488852
48289,1.006817449858768
48291,1.0044412849252873
48293,1.0087404349554525
48295,1.0073813793682143
48297,1.003595617477778
48299,1.0072408195978382
48301,1.0049520859944954
48303,1.0019944395225955
48305,1.0041988631944023
48307,1.0022256239450864
48309,1.0000497651993838
48311,1.0024679577358915
48313,1.0020952132590826
48315,1.000043369086869
48317,1.0078392536810021
48319,1.0007698493817085
48321,1.0044905907393888
48323,1.0041788317569706
48325,1.0018140811730554
48327,1.0096686850653738
48329,1.0060373360492685
48331,1.0081351304572483
48333,1.0049614055723495
48335,1.0072281191737291
48337,1.0096977920831176
48339,1.003484054138031
48341,1.0050426385270994
48343,1.00514536898692
48345,1.0099199481632415
48347,1.0023309914639222
48349,1.0067530750858709
48351,1.001382296784557
48353,1.0092707353205426
48355,1.005903819190017
48357,1.0085941152703948
48359,1.008952415443395
48361,1.0055710991210416
48363,1.006820072712382
48365,1.0069872064002892
48367,1.0046048082350876
48369,1.0043483824730266
48371,1.0018618821897813
48373,1.0038391456050122
48375,1.0099075694054556
48377,1.0026986157711848
48379,1.007624409086761
48381,1.0005934747005665
48383,1.0046746879740767
48385,1.0005841013191714
48387,1.004757999338079
48389,1.0002755246080939
48391,1.006132947714839
48393,1.0058650909997888
48395,1.0079784322263035
48397,1.0058328620220134
48399,1.0092599916235108
48401,1.0078310461407436
48403,1.0013265652032228
48405,1.002654731883061
48407,1.0002623059776878
48409,1.0038613400157281
48411,1.0050953625376946
48413,1.0094594624878206
48415,1.005222674322818
48417,1.0078102804194295
48419,1.002680240125929
48421,1.0015315843725883
48423,1.0081083625382625
48425,1.002474251453746
48427,1.008713351176711
48429,1.0016984987569197
48431,1.0085158654101511
48433,1.0077284758007445
48435,1.0061122067314061
48437,1.008502206778226
48439,1.0033071011788246
48441,1.0016603414566538
48443,1.0015704067510445
48445,1.002703589138157
48447,1.0044622713218005
48449,1.0087602286508124
48451,1.0008953565215775
48453,1.0091524204443476
48455,1.009254947103401
48457,1.007272363906693
48459,1.0090028361362595
48461,1.0076998663017795
48463,1.0052830096515575
48465,1.0060075022622594
48467,1.006282244764776
48469,1.0012689328098312
48471,1.0019305413751751
48473,1.0052336872387015
48475,1.0011522831277093
48477,1.009649792960461
48479,1.0050712727851443
48481,1.0038008614481306
48483,1.0015754003759156
48485,1.0041653389747518
48487,1.0030242618699254
48489,1.0008792717120203
48491,1.0096700529523803
48493,1.0026497809604895
48495,1.0069047024213353
48497,1.0009132250182242
48499,1.0091316900932676
48501,1.0059075145156058
48503,1.006568720003766
48505,1.0078178436066887
48507,1.0060591532866507
49001,1.0007090745841325
49003,1.0042958242363216
49005,1.0026203009333114
49007,1.004867170206812
49009,1.0040432516168174
49011,1.0082653311729886
49013,1.0024704755220977
49015,1.0020130105927796
49017,1.0095808629545058
49019,1.0094951661388918
49021,1.0099346496491761
49023,1.0056838057954633
49025,1.00113143960589
49027,1.008801677407372
49029,1.0014511498425764
49031,1.0015559432602916
49033,1.0019339756748609
49035,1.006534188353931
49037,1.0010719905322731
49039,1.0077828162901177
49041,1.0005825159595805
49043,1.0011044656067183
49045,1.0043448714166654
49047,1.003791715019499
49049,1.0098970826839744
49051,1.009668639567187
49053,1.0018968180735564
49055,1.0094666554507847
49057,1.0069226190401197
50001,1.0040884316553322
50003,1.0073963093216094
50005,1.0090014096570654
50007,1.0018014155379897
50009,1.0019598426137766
50011,1.0040872076222767
50013,1.0016921177133506
50015,1.0036039748570582
50017,1.006456915270625
50019,1.0081281812533385
50021,1.003019349376854
50023,1.0028173068380484
50025,1.0077974296438919
50027,1.0038102622600251
51001,1.0081847536786883
51003,1.009933803203292
51005,1.0097966867598371
51007,1.0066268695484728
51009,1.0037521321137746
51011,1.0006548985947676
51013,1.0073804063271705
51015,1.0097796724105323
51017,1.0006798446321563
51019,1.0000616771062063
51021,1.0083177619658172
51023,1.0010225896203824
51025,1.0008162298044558
51027,1.0091033606822317
51029,1.0007956081167189
51031,1.0011401765477543
51033,1.0056957367526969
51035,1.0075681417303328
51036,1.0039957225871423
51037,1.0042058916069039
51041,1.0063262598715115
51043,1.0050542529483077
51045,1.0001862829277772
51047,1.001135831862722
51049,1.005816000155254
51051,1.0079366250969786
51053,1.0076310314542996
51057,1.0074005655929366
51059,1.0077127261620813
51061,1.0004444347632453
51063,1.008951015649626
51065,1.0088928310521168
51067,1.005319239890976
51069,1.0024859433226876
51071,1.0059217847278143
51073,1.005578859263753
51075,1.002229572076902
51077,1.0060313017892868
51079,1.007972941161006
51081,1.0080610686474525
51083,1.0005969782227992
51085,1.0019716331181245
51087,1.006682233605932
51089,1.008598319454143
51091,1.005212170824492
51093,1.0070752566833499
51095,1.000210720106569
51097,1.006084208118854
51099,1.0096190914443661
51101,1.0066101460703274
51103,1.0092227571660033
51105,1.0056600945813108
51107,1.0084337873777593
51109,1.0012416240825714
51111,1.0012351326288682
51113,1.001201793291958
51115,1.0048884955203672
51117,1.0033026356083712
51119,1.0071918585374104
51121,1.009026219143004
51125,1.0061937482857348
51127,1.0021321055609858
51131,1.009308768675291
51133,1.0052785733813798
51135,1.0071994555313575
51137,1.0089050585043517
51139,1.009898319320989
51141,1.0050606394910166
51143,1.0080806271868368
51145,1.0056686706531823
51147,1.004864539459958
51149,1.005377125192763
51153,1.004842752438217
51155,1.0042102811879468
51157,1.0072372069051398
51159,1.0024967581594766
51161,1.00616381465806
51163,1.0071296017776443
51165,1.008920908333907
51167,1.0033187714893759
51169,1.0086059910351606
51171,1.0094529117132587
51173,1.0064867938274171
51175,1.0077143300792302
51177,1.0040570695981887
51179,1.009521354197847
51181,1.0067086145508644
51183,1.0031015680861777
51185,1.0040426134723401
51187,1.0061775551413157
51191,1.002341351645123
51193,1.007539144043403
51195,1.0022469151626965
51197,1.0059178919577094
51199,1.0069700651299482
51510,1.0085974789566154
51520,1.0073390041578894
51530,1.007988250915523
51540,1.0091293180149785
51550,1.0059777156122207
51570,1.0084628001066203
51590,1.0023187223102517
51595,1.0081473317079197
51600,1.0022168674130647
51610,1.0093462921874279
51620,1.0032997333745768
51630,1.0017183799817562
51650,1.001481687601292
51660,1.0018727221693784
51670,1.0044754030856318
51678,1.0052214939108006
51680,1.0091378583252393
51683,1.003810148029277
51685,1.0021748230878706
51700,1.007438211118394
51710,1.0013465440792861
51720,1.008922833720152
51730,1.004093996352088
51735,1.0061384148365498
51740,1.0018618434261652
51750,1.0014552914907984
51760,1.0079883937475487
51770,1.0042970229191457
51775,1.0098674281272622
51790,1.0052429794445246
51800,1.0084565291075769
51810,1.0097996367872144
51820,1.002811501615085
51830,1.0080088171215538
51840,1.0002200616332464
53001,1.0067975411806103
53003,1.0074520109111784
53005,1.004773637124355
53007,1.001621052101175
53009,1.0061672054807844
53011,1.0089752865943555
53013,1.0093131919957827
53015,1.0074610239041961
53017,1.002637132584256
53019,1.0087032692605993
53021,1.008888230667017
53023,1.0036724220574522
53025,1.0018298173654367
53027,1.0087465943413336
53029,1.0088509731525281
53031,1.0010090608455122
53033,1.0096698429222248
53035,1.005330805530788
53037,1.0099373019494293
53039,1.0044500825021667
53041,1.0053328333935956
53043,1.0026608283197125
53045,1.0089894744551537
53047,1.0044371211707257
53049,1.008146140536274
53051,1.000797342750951
53053,1.0078824662849482
53055,1.0049024314225148
53057,1.000054078797331
53059,1.002262629389988
53061,1.001937302114431
53063,1.0075176458130943
53065,1.0047720218979321
53067,1.001597183966871
53069,1.0025680297704525
53071,1.0050407680530589
53073,1.0001963819731967
53075,1.0042412558809937
53077,1.0067806140365374
54001,1.005177545852859
54003,1.005980995410755
54005,1.0032661811701165
54007,1.0018307572401977
54009,1.0080974129035518
54011,1.0090563487143636
54013,1.005107405703749
54015,1.003050412125814
54017,1.0051120482951799
54019,1.0087898552063739
54021,1.0069140634737512
54023,1.0085861608629012
54025,1.0032837942307804
54027,1.007119791283375
54029,1.0065304897151162
54031,1.0057161646065043
54033,1.0052822486523052
54035,1.005509778831396
54037,1.008496710897267
54039,1.0091599450100415
54041,1.0011286046438523
54043,1.0056877157759034
54045,1.0091840842247324
54047,1.001347399851591
54049,1.0041285937329691
54051,1.000890801713509
54053,1.0011347640200974
54055,1.0090411081255954
54057,1.0044617958483049
54059,1.006887396540046
54061,1.0013891442324354
54063,1.0002194748239275
54065,1.0089048395734888
54067,1.0057454563954902
54069,1.0001998775557102
54071,1.0099233948092798
54073,1.0049219238301377
54075,1.0047587650816527
54077,1.0062091418432262
54079,1.0000790453419546
54081,1.0056913837370645
54083,1.0062948390398965
54085,1.0029695356810306
54087,1.007268524097683
54089,1.0037743181621797
54091,1.0071777313445813
54093,1.001438251784525
54095,1.0091369781604103
54097,1.0087945737365627
54099,1.0015062647608777
54101,1.0093845393708551
54103,1.0055778027276727
54105,1.0070164967836497
54107,1.0084029379237653
54109,1.0008356994708
55001,1.0016928435746617
55003,1.0029039092148597
55005,1.0047720448138702
55007,1.0034605450629874
55009,1.0050584637694204
55011,1.0018591702734374
55013,1.0068215413993316
55015,1.0005573488118373
55017,1.0036144950620796
55019,1.0017903324467112
55021,1.0072993327187068
55023,1.0088365333882992
55025,1.0007878620920347
55027,1.007850378558664
55029,1.008957222937221
55031,1.0097397021661405
55033,1.005793862509451
55035,1.003273918860074
55037,1.0032197359986732
55039,1.0037897007929446
55041,1.0061266740732764
55043,1.0049023001213913
55045,1.0065363502640683
55047,1.0003931387352958
55049,1.0010588155038112
55051,1.0097653949942675
55053,1.0099538550218623
55055,1.007466588171394
55057,1.0025639715018102
55059,1.0095338173440056
55061,1.0021370279379171
55063,1.0073143132242761
55065,1.0011525831169203
55067,1.0064890449855983
55069,1.0075951500335614
55071,1.0085964014458808
55073,1.0073430613968801
55075,1.0092348535535545
55077,1.0052092325790072
55078,1.0067742860689333
55079,1.0036955008508834
55081,1.000103894492893
55083,1.0075669295546734
55085,1.008698606478712
55087,1.0017392447700972
55089,1.0002864075166529
55091,1.0016450184550147
55093,1.008952892932393
55095,1.0029551038937132
55097,1.0023370411485366
55099,1.0001458982484321
55101,1.0029705514721006
55103,1.0071563907702223
55105,1.0095908928837622
55107,1.0031274123243763
55109,1.0024068532021069
55111,1.0088806902046263
55113,1.0085250485083224
55115,1.003281604201437
55117,1.0006880515375705
55119,1.0099198944046675
55121,1.0068070428746179
55123,1.0092658049708414
55125,1.0034187447431946
55127,1.00647685419083
55129,1.006744972302066
55131,1.008729054675389
55133,1.00993058037116
55135,1.0010866617852399
55137,1.0063111684543042
55139,1.0033643994836259
55141,1.0081165842706012
56001,1.0075414798474644
56003,1.0089251852422392
56005,1.003437028772805
56007,1.0018453034415777
56009,1.0002180167715116
56011,1.002555066837182
56013,1.0036717153975523
56015,1.00946066985948
56017,1.0049137263384724
56019,1.005564395041088
56021,1.0088012876204813
56023,1.0088506951376415
56025,1.005279158265632
56027,1.0011370349873334
56029,1.0027051616468123
56031,1.0045688820000613
56033,1.0075116949517788
56035,1.0071168174832912
56037,1.0064270823529977
56039,1.0088024555980235
56041,1.0080264640830712
56043,1.0098211424080763
56045,1.0088915852093316
