date,fips,state_abbrev,state_name,total_pop_20,MAI_composite,engagement,participation,infrastructure
01apr2020,1,AL,Alabama,5024279,95.15000000000001,99,96.98,91.83
01apr2020,2,AK,Alaska,733391,102.11,99.5,100.37,107.39
01apr2020,4,AZ,Arizona,7151502,101.63,96.97,103.28,100.54
01apr2020,5,AR,Arkansas,3011524,95.37000000000001,100.38,97.31,90.01000000000001
01apr2020,6,CA,California,39538224,102.05,97.40000000000001,102.93,102.54
01apr2020,8,CO,Colorado,5773714,103.75,99.87000000000001,101.99,108.39
01apr2020,9,CT,Connecticut,3605944,100.41,98.42,99.70999999999999,104.31
01apr2020,10,DE,Delaware,989948,100.78,91.67,103.93,102.14
01apr2020,11,DC,District of Columbia,689545,107.45,101.71,105.2,110.69
01apr2020,12,FL,Florida,21538188,101.42,95.64,103.74,100.09
01apr2020,13,GA,Georgia,10711908,100.08,98.48,101.07,99.16
01apr2020,15,HI,Hawaii,1455271,100.7,96.24,101.77,102.28
01apr2020,16,ID,Idaho,1839106,101.1,100.63,100.95,100.61
01apr2020,17,IL,Illinois,12812508,102.51,103.62,101.42,100.75
01apr2020,18,IN,Indiana,6785528,97.77,100.42,98.33,95.97
01apr2020,19,IA,Iowa,3190369,99.48,104.72,97.90000000000001,98.13
01apr2020,20,KS,Kansas,2937880,100.3,103.21,98.74,100.65
01apr2020,21,KY,Kentucky,4505836,95.77,97.44,97.86,93.61
01apr2020,22,LA,Louisiana,4657757,95.76000000000001,99.26000000000001,98.11,90.59999999999999
01apr2020,23,ME,Maine,1362359,98.17,101.31,96.56999999999999,101.34
01apr2020,24,MD,Maryland,6177224,103.05,99.79000000000001,101.81,106.4
01apr2020,25,MA,Massachusetts,7029917,99.95999999999999,99.62000000000001,97.84999999999999,106.42
01apr2020,26,MI,Michigan,10077331,100.05,102.01,99.59999999999999,98.81
01apr2020,27,MN,Minnesota,5706494,102.29,103.05,100.23,104.03
01apr2020,28,MS,Mississippi,2961279,92.8,97.52,96.29000000000001,86.98
01apr2020,29,MO,Missouri,6154913,99.55,101.73,99.41,97.84
01apr2020,30,MT,Montana,1084225,101.05,102.03,100.16,100.9
01apr2020,31,NE,Nebraska,1961504,100.41,102.89,98.76000000000001,101.43
01apr2020,32,NV,Nevada,3104614,100.96,93.40000000000001,104.5,99.02
01apr2020,33,NH,New Hampshire,1377529,100.7,100.51,98.36,106.62
01apr2020,34,NJ,New Jersey,9288994,100,98.16,99.33,104.19
01apr2020,35,NM,New Mexico,2117522,96.61,101.03,98.29000000000001,91.01000000000001
01apr2020,36,NY,New York,20201248,100.86,98.45999999999999,101.61,100.54
01apr2020,37,NC,North Carolina,10439388,99.75,98.90000000000001,100.72,98.40000000000001
01apr2020,38,ND,North Dakota,779094,99.69,104.46,97.42,100.6
01apr2020,39,OH,Ohio,11799448,99.02,101.23,98.87000000000001,98.04000000000001
01apr2020,40,OK,Oklahoma,3959353,97.68000000000001,98.51000000000001,99.17,95.62000000000001
01apr2020,41,OR,Oregon,4237256,103.25,101.28,102.12,104.43
01apr2020,42,PA,Pennsylvania,13002700,99.83,102.4,99.47,97.88
01apr2020,44,RI,Rhode Island,1097379,98.7,99.78,98.39,100.04
01apr2020,45,SC,South Carolina,5118425,98.31,99.23,99.76000000000001,95.37000000000001
01apr2020,46,SD,South Dakota,886667,102.19,106.97,99.89,99.7
01apr2020,47,TN,Tennessee,6910840,97.79000000000001,98.7,99.70999999999999,94.28
01apr2020,48,TX,Texas,29145504,99.11,96.78,100.87,98.23
01apr2020,49,UT,Utah,3271616,103.94,97.78,103.43,107.63
01apr2020,50,VT,Vermont,643077,101.4,104.7,99.05,102.02
01apr2020,51,VA,Virginia,8631393,102.01,100.21,100.83,104.83
01apr2020,53,WA,Washington,7705281,102.68,98.73,101.74,106.57
01apr2020,54,WV,West Virginia,1793716,94.29000000000001,99.94,96.09,90.03
01apr2020,55,WI,Wisconsin,5893718,100.18,104.05,98.67,99.36
01apr2020,56,WY,Wyoming,576851,100.13,100.31,99.43000000000001,101.74
01may2020,1,AL,Alabama,5024279,96.87000000000001,102.26,97.81,91.83
01may2020,2,AK,Alaska,733391,104.02,103.61,101.05,107.39
01may2020,4,AZ,Arizona,7151502,103.22,101.48,103.36,100.54
01may2020,5,AR,Arkansas,3011524,96.43000000000001,103.72,97.22,90.01000000000001
01may2020,6,CA,California,39538224,104.06,102.11,103.47,102.54
01may2020,8,CO,Colorado,5773714,106.03,104.01,103.14,108.39
01may2020,9,CT,Connecticut,3605944,101.99,103.02,99.75,104.31
01may2020,10,DE,Delaware,989948,102.8,100.69,102.59,102.14
01may2020,11,DC,District of Columbia,689545,107.61,102.02,105.27,110.69
01may2020,12,FL,Florida,21538188,103.14,100.19,103.98,100.09
01may2020,13,GA,Georgia,10711908,101.92,102.69,101.61,99.16
01may2020,15,HI,Hawaii,1455271,102.55,101.59,101.82,102.28
01may2020,16,ID,Idaho,1839106,102.5,104.37,101.12,100.61
01may2020,17,IL,Illinois,12812508,104.24,107.05,102.17,100.75
01may2020,18,IN,Indiana,6785528,98.89,104.1,98.17,95.97
01may2020,19,IA,Iowa,3190369,100.35,107.46,97.81999999999999,98.13
01may2020,20,KS,Kansas,2937880,101.92,106.4,99.45999999999999,100.65
01may2020,21,KY,Kentucky,4505836,97.03,100.37,98.20999999999999,93.61
01may2020,22,LA,Louisiana,4657757,97.23,101.95,98.84,90.59999999999999
01may2020,23,ME,Maine,1362359,99.29000000000001,104.27,96.72,101.34
01may2020,24,MD,Maryland,6177224,104.95,103.96,102.46,106.4
01may2020,25,MA,Massachusetts,7029917,101.76,103.6,98.45,106.42
01may2020,26,MI,Michigan,10077331,101.77,106.13,100.03,98.81
01may2020,27,MN,Minnesota,5706494,103.35,105.64,100.47,104.03
01may2020,28,MS,Mississippi,2961279,94.53,101.37,96.84999999999999,86.98
01may2020,29,MO,Missouri,6154913,100.96,105.2,99.73,97.84
01may2020,30,MT,Montana,1084225,102.24,105.69,100.11,100.9
01may2020,31,NE,Nebraska,1961504,101.89,106.37,99.16,101.43
01may2020,32,NV,Nevada,3104614,102.49,97.72,104.59,99.02
01may2020,33,NH,New Hampshire,1377529,101.98,104.25,98.38,106.62
01may2020,34,NJ,New Jersey,9288994,102.07,102.44,100.15,104.19
01may2020,35,NM,New Mexico,2117522,98.36,105.1,98.78,91.01000000000001
01may2020,36,NY,New York,20201248,102.43,101.98,102.11,100.54
01may2020,37,NC,North Carolina,10439388,101.2,103.07,100.77,98.40000000000001
01may2020,38,ND,North Dakota,779094,101.43,107.77,98.23,100.6
01may2020,39,OH,Ohio,11799448,100.41,104.81,99.11,98.04000000000001
01may2020,40,OK,Oklahoma,3959353,99.20999999999999,102.59,99.38,95.62000000000001
01may2020,41,OR,Oregon,4237256,104.7,104.86,102.43,104.43
01may2020,42,PA,Pennsylvania,13002700,101.52,105.97,100.11,97.88
01may2020,44,RI,Rhode Island,1097379,100.59,103.93,99.02,100.04
01may2020,45,SC,South Carolina,5118425,99.84,103.25,99.99,95.37000000000001
01may2020,46,SD,South Dakota,886667,103.26,110.14,99.89,99.7
01may2020,47,TN,Tennessee,6910840,99.2,102.46,99.89,94.28
01may2020,48,TX,Texas,29145504,100.84,101,101.28,98.23
01may2020,49,UT,Utah,3271616,105.23,101.62,103.42,107.63
01may2020,50,VT,Vermont,643077,102.03,106.84,98.93000000000001,102.02
01may2020,51,VA,Virginia,8631393,103.45,104.11,101,104.83
01may2020,53,WA,Washington,7705281,104.27,102.55,102.13,106.57
01may2020,54,WV,West Virginia,1793716,95.64,103.04,96.49,90.03
01may2020,55,WI,Wisconsin,5893718,101.43,107.37,98.84999999999999,99.36
01may2020,56,WY,Wyoming,576851,101.1,102.71,99.63,101.74
01jun2020,1,AL,Alabama,5024279,96.97,100.57,98.68000000000001,91.83
01jun2020,2,AK,Alaska,733391,103.16,101.25,100.96,107.39
01jun2020,4,AZ,Arizona,7151502,102.51,99.17,103.45,100.54
01jun2020,5,AR,Arkansas,3011524,96.34999999999999,102.16,97.81,90.01000000000001
01jun2020,6,CA,California,39538224,103.4,99.81999999999999,103.62,102.54
01jun2020,8,CO,Colorado,5773714,105.47,102.1,103.25,108.39
01jun2020,9,CT,Connecticut,3605944,101.41,100.47,100.11,104.31
01jun2020,10,DE,Delaware,989948,102.04,96.39,103.5,102.14
01jun2020,11,DC,District of Columbia,689545,107.74,101.94,105.48,110.69
01jun2020,12,FL,Florida,21538188,102.55,97.91,104.22,100.09
01jun2020,13,GA,Georgia,10711908,101.5,100.82,101.9,99.16
01jun2020,15,HI,Hawaii,1455271,101.82,99.26000000000001,101.9,102.28
01jun2020,16,ID,Idaho,1839106,102.1,102.53,101.41,100.61
01jun2020,17,IL,Illinois,12812508,103.79,104.79,102.57,100.75
01jun2020,18,IN,Indiana,6785528,98.84999999999999,102.45,98.84,95.97
01jun2020,19,IA,Iowa,3190369,100.3,106.52,98.18000000000001,98.13
01jun2020,20,KS,Kansas,2937880,101.48,105.01,99.5,100.65
01jun2020,21,KY,Kentucky,4505836,96.76000000000001,99.16,98.40000000000001,93.61
01jun2020,22,LA,Louisiana,4657757,97.09999999999999,100.5,99.3,90.59999999999999
01jun2020,23,ME,Maine,1362359,98.42,102.19,96.5,101.34
01jun2020,24,MD,Maryland,6177224,104.63,101.95,102.93,106.4
01jun2020,25,MA,Massachusetts,7029917,101.15,101.43,98.59999999999999,106.42
01jun2020,26,MI,Michigan,10077331,101.35,104.11,100.37,98.81
01jun2020,27,MN,Minnesota,5706494,102.62,103.49,100.46,104.03
01jun2020,28,MS,Mississippi,2961279,94.53,99.84999999999999,97.52,86.98
01jun2020,29,MO,Missouri,6154913,100.45,103.5,99.81,97.84
01jun2020,30,MT,Montana,1084225,101.85,104.24,100.24,100.9
01jun2020,31,NE,Nebraska,1961504,101.35,104.97,99.06999999999999,101.43
01jun2020,32,NV,Nevada,3104614,101.91,95.58,104.79,99.02
01jun2020,33,NH,New Hampshire,1377529,101.43,102.46,98.44,106.62
01jun2020,34,NJ,New Jersey,9288994,101.59,100.4,100.42,104.19
01jun2020,35,NM,New Mexico,2117522,97.92,103.29,99.01000000000001,91.01000000000001
01jun2020,36,NY,New York,20201248,102.22,100.67,102.41,100.54
01jun2020,37,NC,North Carolina,10439388,100.95,101.17,101.29,98.40000000000001
01jun2020,38,ND,North Dakota,779094,101.3,106.47,98.64,100.6
01jun2020,39,OH,Ohio,11799448,99.93000000000001,102.91,99.31999999999999,98.04000000000001
01jun2020,40,OK,Oklahoma,3959353,98.65000000000001,100.45,99.58,95.62000000000001
01jun2020,41,OR,Oregon,4237256,104.19,103.23,102.48,104.43
01jun2020,42,PA,Pennsylvania,13002700,101.08,104.15,100.32,97.88
01jun2020,44,RI,Rhode Island,1097379,99.77,101.79,98.90000000000001,100.04
01jun2020,45,SC,South Carolina,5118425,99.42,101.25,100.33,95.37000000000001
01jun2020,46,SD,South Dakota,886667,102.64,108.92,99.62000000000001,99.7
01jun2020,47,TN,Tennessee,6910840,98.89,100.68,100.26,94.28
01jun2020,48,TX,Texas,29145504,100.29,98.83,101.52,98.23
01jun2020,49,UT,Utah,3271616,105.04,100.67,103.6,107.63
01jun2020,50,VT,Vermont,643077,102.1,106.4,99.20999999999999,102.02
01jun2020,51,VA,Virginia,8631393,103,101.95,101.36,104.83
01jun2020,53,WA,Washington,7705281,103.59,100.46,102.16,106.57
01jun2020,54,WV,West Virginia,1793716,95.38,101.47,96.83,90.03
01jun2020,55,WI,Wisconsin,5893718,101,105.83,98.95999999999999,99.36
01jun2020,56,WY,Wyoming,576851,100.81,101.14,99.94,101.74
01jul2020,1,AL,Alabama,5024279,97.56,101.59,99,91.83
01jul2020,2,AK,Alaska,733391,103.64,102.07,101.23,107.39
01jul2020,4,AZ,Arizona,7151502,103.19,100.31,103.83,100.54
01jul2020,5,AR,Arkansas,3011524,96.73,102.83,98,90.01000000000001
01jul2020,6,CA,California,39538224,104,101.22,103.78,102.54
01jul2020,8,CO,Colorado,5773714,105.83,103.23,103.23,108.39
01jul2020,9,CT,Connecticut,3605944,102.03,100.8,100.78,104.31
01jul2020,10,DE,Delaware,989948,104.79,103.11,104.13,102.14
01jul2020,11,DC,District of Columbia,689545,108.06,102.13,105.82,110.69
01jul2020,12,FL,Florida,21538188,103.01,99.03,104.33,100.09
01jul2020,13,GA,Georgia,10711908,102.12,101.94,102.2,99.16
01jul2020,15,HI,Hawaii,1455271,102.55,100.85,102.15,102.28
01jul2020,16,ID,Idaho,1839106,102.39,103.41,101.41,100.61
01jul2020,17,IL,Illinois,12812508,104.31,105.86,102.78,100.75
01jul2020,18,IN,Indiana,6785528,99.31999999999999,103.61,98.94,95.97
01jul2020,19,IA,Iowa,3190369,100.77,107.14,98.53,98.13
01jul2020,20,KS,Kansas,2937880,101.84,105.93,99.56,100.65
01jul2020,21,KY,Kentucky,4505836,97.29000000000001,99.7,98.84,93.61
01jul2020,22,LA,Louisiana,4657757,97.56,101.43,99.49,90.59999999999999
01jul2020,23,ME,Maine,1362359,98.97,102.44,97.11,101.34
01jul2020,24,MD,Maryland,6177224,105.5,104.03,103.15,106.4
01jul2020,25,MA,Massachusetts,7029917,101.55,102.24,98.78,106.42
01jul2020,26,MI,Michigan,10077331,101.77,105.09,100.49,98.81
01jul2020,27,MN,Minnesota,5706494,103.03,104.4,100.6,104.03
01jul2020,28,MS,Mississippi,2961279,95.28,100.86,98.05,86.98
01jul2020,29,MO,Missouri,6154913,100.96,104.27,100.13,97.84
01jul2020,30,MT,Montana,1084225,102.39,105.06,100.57,100.9
01jul2020,31,NE,Nebraska,1961504,102.15,105.79,99.75,101.43
01jul2020,32,NV,Nevada,3104614,102.76,97.13,105.21,99.02
01jul2020,33,NH,New Hampshire,1377529,101.98,103.56,98.69,106.62
01jul2020,34,NJ,New Jersey,9288994,102.15,101.68,100.58,104.19
01jul2020,35,NM,New Mexico,2117522,98.39,104.3,99.17,91.01000000000001
01jul2020,36,NY,New York,20201248,102.65,101.67,102.53,100.54
01jul2020,37,NC,North Carolina,10439388,101.31,102.1,101.34,98.40000000000001
01jul2020,38,ND,North Dakota,779094,101.32,106.67,98.56999999999999,100.6
01jul2020,39,OH,Ohio,11799448,100.48,103.74,99.67,98.04000000000001
01jul2020,40,OK,Oklahoma,3959353,99.16,101.19,99.93000000000001,95.62000000000001
01jul2020,41,OR,Oregon,4237256,104.54,104.05,102.58,104.43
01jul2020,42,PA,Pennsylvania,13002700,101.49,105.22,100.4,97.88
01jul2020,44,RI,Rhode Island,1097379,100.25,102.63,99.16,100.04
01jul2020,45,SC,South Carolina,5118425,99.87000000000001,102.07,100.55,95.37000000000001
01jul2020,46,SD,South Dakota,886667,102.55,107.83,99.98,99.7
01jul2020,47,TN,Tennessee,6910840,99.38,101.66,100.48,94.28
01jul2020,48,TX,Texas,29145504,100.89,99.81999999999999,101.87,98.23
01jul2020,49,UT,Utah,3271616,105.6,101.66,103.89,107.63
01jul2020,50,VT,Vermont,643077,102.3,106.76,99.31,102.02
01jul2020,51,VA,Virginia,8631393,103.44,103.01,101.47,104.83
01jul2020,53,WA,Washington,7705281,103.71,101.45,101.89,106.57
01jul2020,54,WV,West Virginia,1793716,95.61,101.96,96.92,90.03
01jul2020,55,WI,Wisconsin,5893718,101.31,106.44,99.09999999999999,99.36
01jul2020,56,WY,Wyoming,576851,101.23,102.2,100.02,101.74
01aug2020,1,AL,Alabama,5024279,97.63,102.33,98.76000000000001,91.83
01aug2020,2,AK,Alaska,733391,103.6,102.79,100.87,107.39
01aug2020,4,AZ,Arizona,7151502,103.45,101.1,103.82,100.54
01aug2020,5,AR,Arkansas,3011524,96.90000000000001,103.78,97.81,90.01000000000001
01aug2020,6,CA,California,39538224,104.15,101.7,103.77,102.54
01aug2020,8,CO,Colorado,5773714,105.89,102.99,103.41,108.39
01aug2020,9,CT,Connecticut,3605944,102.1,101.67,100.49,104.31
01aug2020,10,DE,Delaware,989948,104.4,101.04,104.53,102.14
01aug2020,11,DC,District of Columbia,689545,107.82,102.13,105.5,110.69
01aug2020,12,FL,Florida,21538188,103.24,99.65000000000001,104.35,100.09
01aug2020,13,GA,Georgia,10711908,102.47,102.67,102.35,99.16
01aug2020,15,HI,Hawaii,1455271,102.76,101.74,102.04,102.28
01aug2020,16,ID,Idaho,1839106,102.59,103.75,101.51,100.61
01aug2020,17,IL,Illinois,12812508,104.17,105.91,102.57,100.75
01aug2020,18,IN,Indiana,6785528,99.74,104.57,99.06999999999999,95.97
01aug2020,19,IA,Iowa,3190369,100.84,107.93,98.26000000000001,98.13
01aug2020,20,KS,Kansas,2937880,101.9,106.22,99.51000000000001,100.65
01aug2020,21,KY,Kentucky,4505836,97.58,100.39,98.92,93.61
01aug2020,22,LA,Louisiana,4657757,98.31999999999999,102.28,100.11,90.59999999999999
01aug2020,23,ME,Maine,1362359,99.31999999999999,103.28,97.2,101.34
01aug2020,24,MD,Maryland,6177224,105.59,103.93,103.3,106.4
01aug2020,25,MA,Massachusetts,7029917,101.64,102.88,98.61,106.42
01aug2020,26,MI,Michigan,10077331,102,105.73,100.51,98.81
01aug2020,27,MN,Minnesota,5706494,103.14,105.15,100.41,104.03
01aug2020,28,MS,Mississippi,2961279,95.68000000000001,101.82,98.15000000000001,86.98
01aug2020,29,MO,Missouri,6154913,101.27,104.93,100.24,97.84
01aug2020,30,MT,Montana,1084225,102.57,106.08,100.37,100.9
01aug2020,31,NE,Nebraska,1961504,102.18,106.43,99.5,101.43
01aug2020,32,NV,Nevada,3104614,102.89,97.79000000000001,105.09,99.02
01aug2020,33,NH,New Hampshire,1377529,101.82,103.47,98.51000000000001,106.62
01aug2020,34,NJ,New Jersey,9288994,102.22,102.14,100.47,104.19
01aug2020,35,NM,New Mexico,2117522,98.72,104.76,99.40000000000001,91.01000000000001
01aug2020,36,NY,New York,20201248,102.93,102.33,102.6,100.54
01aug2020,37,NC,North Carolina,10439388,101.6,103,101.32,98.40000000000001
01aug2020,38,ND,North Dakota,779094,101.41,107.47,98.34,100.6
01aug2020,39,OH,Ohio,11799448,100.74,104.41,99.72,98.04000000000001
01aug2020,40,OK,Oklahoma,3959353,99.47,102.02,99.95999999999999,95.62000000000001
01aug2020,41,OR,Oregon,4237256,104.69,104.49,102.57,104.43
01aug2020,42,PA,Pennsylvania,13002700,101.58,105.5,100.39,97.88
01aug2020,44,RI,Rhode Island,1097379,100.56,103.06,99.37000000000001,100.04
01aug2020,45,SC,South Carolina,5118425,100.22,102.53,100.8,95.37000000000001
01aug2020,46,SD,South Dakota,886667,103.07,109.26,100.02,99.7
01aug2020,47,TN,Tennessee,6910840,99.68000000000001,102.3,100.59,94.28
01aug2020,48,TX,Texas,29145504,101.09,100.37,101.88,98.23
01aug2020,49,UT,Utah,3271616,105.62,101.95,103.79,107.63
01aug2020,50,VT,Vermont,643077,102.4,106.69,99.48,102.02
01aug2020,51,VA,Virginia,8631393,103.73,103.43,101.65,104.83
01aug2020,53,WA,Washington,7705281,104.12,101.69,102.31,106.57
01aug2020,54,WV,West Virginia,1793716,95.84999999999999,103.34,96.63,90.03
01aug2020,55,WI,Wisconsin,5893718,101.38,107.16,98.88,99.36
01aug2020,56,WY,Wyoming,576851,101.3,102.44,100.01,101.74
01sep2020,1,AL,Alabama,5024279,96.62000000000001,97.81,99.43000000000001,91.83
01sep2020,2,AK,Alaska,733391,102.28,98.25,101.14,107.39
01sep2020,4,AZ,Arizona,7151502,102.16,97.23,103.85,100.54
01sep2020,5,AR,Arkansas,3011524,96.3,97.72,99.7,90.01000000000001
01sep2020,6,CA,California,39538224,103.04,98.16,103.88,102.54
01sep2020,8,CO,Colorado,5773714,105.01,99.12000000000001,103.96,108.39
01sep2020,9,CT,Connecticut,3605944,100.68,98.61,99.99,104.31
01sep2020,10,DE,Delaware,989948,101.56,91.83,104.88,102.14
01sep2020,11,DC,District of Columbia,689545,106.98,100.39,105.17,110.69
01sep2020,12,FL,Florida,21538188,101.87,95.65000000000001,104.32,100.09
01sep2020,13,GA,Georgia,10711908,100.79,97.25,102.53,99.16
01sep2020,15,HI,Hawaii,1455271,101.59,98.09999999999999,102.11,102.28
01sep2020,16,ID,Idaho,1839106,101.74,99.31,102.35,100.61
01sep2020,17,IL,Illinois,12812508,103.16,101.47,103.21,100.75
01sep2020,18,IN,Indiana,6785528,98.79000000000001,100.3,99.70999999999999,95.97
01sep2020,19,IA,Iowa,3190369,100.52,103.87,99.63,98.13
01sep2020,20,KS,Kansas,2937880,101.2,101.77,100.56,100.65
01sep2020,21,KY,Kentucky,4505836,96.64,96.41,99.45,93.61
01sep2020,22,LA,Louisiana,4657757,96.70999999999999,96.59,100.52,90.59999999999999
01sep2020,23,ME,Maine,1362359,98.2,96.19,98.84999999999999,101.34
01sep2020,24,MD,Maryland,6177224,104.01,99.31999999999999,103.27,106.4
01sep2020,25,MA,Massachusetts,7029917,100.69,99.77,98.73,106.42
01sep2020,26,MI,Michigan,10077331,100.92,101.21,101.09,98.81
01sep2020,27,MN,Minnesota,5706494,102.67,101.29,101.49,104.03
01sep2020,28,MS,Mississippi,2961279,94.09999999999999,95.44,98.89,86.98
01sep2020,29,MO,Missouri,6154913,100.37,100.39,101.07,97.84
01sep2020,30,MT,Montana,1084225,102.69,99.95,103.22,100.9
01sep2020,31,NE,Nebraska,1961504,101.52,101.91,100.63,101.43
01sep2020,32,NV,Nevada,3104614,102.14,95.76000000000001,105,99.02
01sep2020,33,NH,New Hampshire,1377529,100.99,99.56999999999999,99.15000000000001,106.62
01sep2020,34,NJ,New Jersey,9288994,101.01,98.34999999999999,100.57,104.19
01sep2020,35,NM,New Mexico,2117522,97.34,99.22,100.04,91.01000000000001
01sep2020,36,NY,New York,20201248,101.85,98.86,102.72,100.54
01sep2020,37,NC,North Carolina,10439388,100.12,97.70999999999999,101.73,98.40000000000001
01sep2020,38,ND,North Dakota,779094,101.47,102.18,100.75,100.6
01sep2020,39,OH,Ohio,11799448,99.67,100.42,100.08,98.04000000000001
01sep2020,40,OK,Oklahoma,3959353,98.49,96.81999999999999,100.97,95.62000000000001
01sep2020,41,OR,Oregon,4237256,103.86,100.87,103.09,104.43
01sep2020,42,PA,Pennsylvania,13002700,100.6,101.32,100.95,97.88
01sep2020,44,RI,Rhode Island,1097379,99.20999999999999,99.03,99.39,100.04
01sep2020,45,SC,South Carolina,5118425,98.45999999999999,96.90000000000001,100.99,95.37000000000001
01sep2020,46,SD,South Dakota,886667,102.84,105.75,101.28,99.7
01sep2020,47,TN,Tennessee,6910840,98.54000000000001,97.66,101.14,94.28
01sep2020,48,TX,Texas,29145504,99.73,95.68000000000001,102.18,98.23
01sep2020,49,UT,Utah,3271616,104.83,99.28,103.93,107.63
01sep2020,50,VT,Vermont,643077,103.01,101.75,102.45,102.02
01sep2020,51,VA,Virginia,8631393,102.59,99.01000000000001,102.11,104.83
01sep2020,53,WA,Washington,7705281,103.32,98.03,102.88,106.57
01sep2020,54,WV,West Virginia,1793716,95.7,98.52,98.55,90.03
01sep2020,55,WI,Wisconsin,5893718,100.66,102.42,100.03,99.36
01sep2020,56,WY,Wyoming,576851,100.77,97.73,101.4,101.74
01oct2020,1,AL,Alabama,5024279,97.95999999999999,103.86,98.52,91.83
01oct2020,2,AK,Alaska,733391,104.11,103.65,101.15,107.39
01oct2020,4,AZ,Arizona,7151502,103.51,102.17,103.43,100.54
01oct2020,5,AR,Arkansas,3011524,97.14,104.46,97.83,90.01000000000001
01oct2020,6,CA,California,39538224,104.07,101.87,103.59,102.54
01oct2020,8,CO,Colorado,5773714,106.31,103.62,103.68,108.39
01oct2020,9,CT,Connecticut,3605944,97.18000000000001,103.55,93.23,104.31
01oct2020,10,DE,Delaware,989948,102.58,98.42,103.3,102.14
01oct2020,11,DC,District of Columbia,689545,108.48,103.52,105.75,110.69
01oct2020,12,FL,Florida,21538188,103.06,100.05,103.95,100.09
01oct2020,13,GA,Georgia,10711908,102.26,103.13,101.87,99.16
01oct2020,15,HI,Hawaii,1455271,102.88,102.27,101.95,102.28
01oct2020,16,ID,Idaho,1839106,102.63,104.2,101.37,100.61
01oct2020,17,IL,Illinois,12812508,103.81,105.63,102.22,100.75
01oct2020,18,IN,Indiana,6785528,99.95,106.03,98.7,95.97
01oct2020,19,IA,Iowa,3190369,101.65,110.27,98.28,98.13
01oct2020,20,KS,Kansas,2937880,102.18,107.47,99.31999999999999,100.65
01oct2020,21,KY,Kentucky,4505836,97.98,102.31,98.59,93.61
01oct2020,22,LA,Louisiana,4657757,97.8,103.34,98.97,90.59999999999999
01oct2020,23,ME,Maine,1362359,91.81,102.78,87.62000000000001,101.34
01oct2020,24,MD,Maryland,6177224,105.39,104.4,102.83,106.4
01oct2020,25,MA,Massachusetts,7029917,92.81,104.41,86.41,106.42
01oct2020,26,MI,Michigan,10077331,102.16,106.2,100.5,98.81
01oct2020,27,MN,Minnesota,5706494,103.78,106.31,100.73,104.03
01oct2020,28,MS,Mississippi,2961279,95.39,102.93,97.29000000000001,86.98
01oct2020,29,MO,Missouri,6154913,101.55,106,100.14,97.84
01oct2020,30,MT,Montana,1084225,103.32,105.39,101.64,100.9
01oct2020,31,NE,Nebraska,1961504,102.34,107.13,99.40000000000001,101.43
01oct2020,32,NV,Nevada,3104614,102.85,98.79000000000001,104.59,99.02
01oct2020,33,NH,New Hampshire,1377529,95.16,104.96,89.17,106.62
01oct2020,34,NJ,New Jersey,9288994,95.72,102.72,91.75,104.19
01oct2020,35,NM,New Mexico,2117522,98.77,105.76,99.03,91.01000000000001
01oct2020,36,NY,New York,20201248,102.87,103,102.24,100.54
01oct2020,37,NC,North Carolina,10439388,101.56,103.55,101.04,98.40000000000001
01oct2020,38,ND,North Dakota,779094,101.76,108.17,98.48,100.6
01oct2020,39,OH,Ohio,11799448,101.02,105.91,99.42,98.04000000000001
01oct2020,40,OK,Oklahoma,3959353,99.34,102.75,99.47,95.62000000000001
01oct2020,41,OR,Oregon,4237256,104.88,105.33,102.46,104.43
01oct2020,42,PA,Pennsylvania,13002700,101.71,106.48,100.12,97.88
01oct2020,44,RI,Rhode Island,1097379,89.15000000000001,104.32,83.92,100.04
01oct2020,45,SC,South Carolina,5118425,99.95,102.94,100.27,95.37000000000001
01oct2020,46,SD,South Dakota,886667,103.81,111.8,99.88,99.7
01oct2020,47,TN,Tennessee,6910840,99.59999999999999,102.88,100.23,94.28
01oct2020,48,TX,Texas,29145504,101.1,101.3,101.49,98.23
01oct2020,49,UT,Utah,3271616,105.54,102.05,103.63,107.63
01oct2020,50,VT,Vermont,643077,97.14,105.93,92.95,102.02
01oct2020,51,VA,Virginia,8631393,103.91,104.56,101.39,104.83
01oct2020,53,WA,Washington,7705281,104.42,102.13,102.52,106.57
01oct2020,54,WV,West Virginia,1793716,96.75,105.31,96.93000000000001,90.03
01oct2020,55,WI,Wisconsin,5893718,101.96,108.12,99.20999999999999,99.36
01oct2020,56,WY,Wyoming,576851,102.13,104.36,100.25,101.74
01nov2020,1,AL,Alabama,5024279,96.01000000000001,98.14,98.49,91.83
01nov2020,2,AK,Alaska,733391,101.99,98.40000000000001,100.69,107.39
01nov2020,4,AZ,Arizona,7151502,101.98,97.70999999999999,103.4,100.54
01nov2020,5,AR,Arkansas,3011524,95.26000000000001,98.81999999999999,97.84999999999999,90.01000000000001
01nov2020,6,CA,California,39538224,102.6,97.99,103.38,102.54
01nov2020,8,CO,Colorado,5773714,104.92,99.40000000000001,103.72,108.39
01nov2020,9,CT,Connecticut,3605944,100.29,98.34999999999999,99.59,104.31
01nov2020,10,DE,Delaware,989948,101.22,95.51000000000001,102.81,102.14
01nov2020,11,DC,District of Columbia,689545,107.5,101.52,105.35,110.69
01nov2020,12,FL,Florida,21538188,101.6,95.91,103.85,100.09
01nov2020,13,GA,Georgia,10711908,100.2,97.36,101.72,99.16
01nov2020,15,HI,Hawaii,1455271,101.11,97.81,101.61,102.28
01nov2020,16,ID,Idaho,1839106,101.05,99.52,101.37,100.61
01nov2020,17,IL,Illinois,12812508,102.04,100.91,102,100.75
01nov2020,18,IN,Indiana,6785528,98.11,100.78,98.61,95.97
01nov2020,19,IA,Iowa,3190369,100,105.17,98.38,98.13
01nov2020,20,KS,Kansas,2937880,100.34,102.38,99.17,100.65
01nov2020,21,KY,Kentucky,4505836,96.17,98.84999999999999,97.76000000000001,93.61
01nov2020,22,LA,Louisiana,4657757,95.84999999999999,97.3,99.08,90.59999999999999
01nov2020,23,ME,Maine,1362359,98.88,99.34999999999999,98.36,101.34
01nov2020,24,MD,Maryland,6177224,103.51,99.11,102.72,106.4
01nov2020,25,MA,Massachusetts,7029917,100.11,99.64,98.04000000000001,106.42
01nov2020,26,MI,Michigan,10077331,100.38,101.29,100.35,98.81
01nov2020,27,MN,Minnesota,5706494,102.19,101.68,100.7,104.03
01nov2020,28,MS,Mississippi,2961279,93.09,96.23,97.24,86.98
01nov2020,29,MO,Missouri,6154913,99.78,101.22,99.94,97.84
01nov2020,30,MT,Montana,1084225,101.95,101.05,101.76,100.9
01nov2020,31,NE,Nebraska,1961504,100.75,102.3,99.45999999999999,101.43
01nov2020,32,NV,Nevada,3104614,101.89,95.65000000000001,104.73,99.02
01nov2020,33,NH,New Hampshire,1377529,98.47,99.94,95.7,106.62
01nov2020,34,NJ,New Jersey,9288994,101.73,98.31999999999999,101.52,104.19
01nov2020,35,NM,New Mexico,2117522,96.56999999999999,99.39,98.97,91.01000000000001
01nov2020,36,NY,New York,20201248,101.39,99.11,102.01,100.54
01nov2020,37,NC,North Carolina,10439388,99.63,98.08,100.92,98.40000000000001
01nov2020,38,ND,North Dakota,779094,99.90000000000001,103.37,98.17,100.6
01nov2020,39,OH,Ohio,11799448,99.13,100.45,99.34999999999999,98.04000000000001
01nov2020,40,OK,Oklahoma,3959353,97.76000000000001,97.42,99.76000000000001,95.62000000000001
01nov2020,41,OR,Oregon,4237256,103.43,101,102.47,104.43
01nov2020,42,PA,Pennsylvania,13002700,100.03,101.62,100.07,97.88
01nov2020,44,RI,Rhode Island,1097379,100.61,99.34,101.08,100.04
01nov2020,45,SC,South Carolina,5118425,97.87000000000001,97.13,100.12,95.37000000000001
01nov2020,46,SD,South Dakota,886667,103.39,108.53,100.77,99.7
01nov2020,47,TN,Tennessee,6910840,97.92,97.98,100.19,94.28
01nov2020,48,TX,Texas,29145504,99.31999999999999,96.23,101.4,98.23
01nov2020,49,UT,Utah,3271616,104.46,99.20999999999999,103.48,107.63
01nov2020,50,VT,Vermont,643077,97.45999999999999,105.04,93.76000000000001,102.02
01nov2020,51,VA,Virginia,8631393,101.98,99.23,101.22,104.83
01nov2020,53,WA,Washington,7705281,103.02,98.12000000000001,102.46,106.57
01nov2020,54,WV,West Virginia,1793716,94.40000000000001,99.38,96.48,90.03
01nov2020,55,WI,Wisconsin,5893718,100.17,103.09,99.09,99.36
01nov2020,56,WY,Wyoming,576851,101.24,101.38,100.39,101.74
01dec2020,1,AL,Alabama,5024279,95.58,96.84999999999999,98.51000000000001,91.83
01dec2020,2,AK,Alaska,733391,101.55,96.68000000000001,100.88,107.39
01dec2020,4,AZ,Arizona,7151502,101.37,96.20999999999999,103.27,100.54
01dec2020,5,AR,Arkansas,3011524,94.76000000000001,97.5,97.79000000000001,90.01000000000001
01dec2020,6,CA,California,39538224,102.28,96.70999999999999,103.53,102.54
01dec2020,8,CO,Colorado,5773714,104.42,97.81999999999999,103.77,108.39
01dec2020,9,CT,Connecticut,3605944,102.12,97.87000000000001,102.19,104.31
01dec2020,10,DE,Delaware,989948,101.18,94.36,103.27,102.14
01dec2020,11,DC,District of Columbia,689545,107.46,101.02,105.52,110.69
01dec2020,12,FL,Florida,21538188,101.33,95.39,103.73,100.09
01dec2020,13,GA,Georgia,10711908,99.79000000000001,96.05,101.76,99.16
01dec2020,15,HI,Hawaii,1455271,100.7,96.06,101.85,102.28
01dec2020,16,ID,Idaho,1839106,100.42,98.04000000000001,101.2,100.61
01dec2020,17,IL,Illinois,12812508,101.91,100.18,102.15,100.75
01dec2020,18,IN,Indiana,6785528,97.7,99.45999999999999,98.65000000000001,95.97
01dec2020,19,IA,Iowa,3190369,99.25,103.39,98.19,98.13
01dec2020,20,KS,Kansas,2937880,99.95999999999999,101.05,99.26000000000001,100.65
01dec2020,21,KY,Kentucky,4505836,96.2,97.67,98.31999999999999,93.61
01dec2020,22,LA,Louisiana,4657757,95.25,95.88,98.93000000000001,90.59999999999999
01dec2020,23,ME,Maine,1362359,95.7,97.12000000000001,95.18000000000001,101.34
01dec2020,24,MD,Maryland,6177224,103.22,97.8,102.91,106.4
01dec2020,25,MA,Massachusetts,7029917,101.35,98.20999999999999,100.28,106.42
01dec2020,26,MI,Michigan,10077331,99.8,99.59999999999999,100.33,98.81
01dec2020,27,MN,Minnesota,5706494,101.71,100.23,100.7,104.03
01dec2020,28,MS,Mississippi,2961279,92.74,94.99,97.31999999999999,86.98
01dec2020,29,MO,Missouri,6154913,99.34,99.95999999999999,99.91,97.84
01dec2020,30,MT,Montana,1084225,101.51,99.55,101.85,100.9
01dec2020,31,NE,Nebraska,1961504,100.25,101.03,99.37000000000001,101.43
01dec2020,32,NV,Nevada,3104614,101.29,93.72,104.79,99.02
01dec2020,33,NH,New Hampshire,1377529,100.47,98.54000000000001,98.92,106.62
01dec2020,34,NJ,New Jersey,9288994,98.14,97.04000000000001,97.40000000000001,104.19
01dec2020,35,NM,New Mexico,2117522,96.08,97.84999999999999,99,91.01000000000001
01dec2020,36,NY,New York,20201248,100.94,97.70999999999999,102.04,100.54
01dec2020,37,NC,North Carolina,10439388,99.19,96.77,100.93,98.40000000000001
01dec2020,38,ND,North Dakota,779094,99.36,101.4,98.34,100.6
01dec2020,39,OH,Ohio,11799448,98.64,99,99.36,98.04000000000001
01dec2020,40,OK,Oklahoma,3959353,97.3,96.25,99.67,95.62000000000001
01dec2020,41,OR,Oregon,4237256,102.91,99.27,102.56,104.43
01dec2020,42,PA,Pennsylvania,13002700,99.52,100.18,100.05,97.88
01dec2020,44,RI,Rhode Island,1097379,100.14,97.97,101.07,100.04
01dec2020,45,SC,South Carolina,5118425,97.43000000000001,95.98,100.05,95.37000000000001
01dec2020,46,SD,South Dakota,886667,102.4,107.49,99.93000000000001,99.7
01dec2020,47,TN,Tennessee,6910840,97.38,96.63,100.08,94.28
01dec2020,48,TX,Texas,29145504,98.90000000000001,94.94,101.42,98.23
01dec2020,49,UT,Utah,3271616,104.02,97.88,103.49,107.63
01dec2020,50,VT,Vermont,643077,100.94,103.81,98.83,102.02
01dec2020,51,VA,Virginia,8631393,101.62,97.90000000000001,101.33,104.83
01dec2020,53,WA,Washington,7705281,102.57,96.88,102.42,106.57
01dec2020,54,WV,West Virginia,1793716,94.31,98.37000000000001,96.81,90.03
01dec2020,55,WI,Wisconsin,5893718,99.7,101.54,99.16,99.36
01dec2020,56,WY,Wyoming,576851,100.99,100.22,100.59,101.74
01jan2021,1,AL,Alabama,5024279,97.65000000000001,98.06,99.40000000000001,95.43000000000001
01jan2021,2,AK,Alaska,733391,102.78,98.17,101.35,108.76
01jan2021,4,AZ,Arizona,7151502,102.96,97.64,103.71,103.36
01jan2021,5,AR,Arkansas,3011524,96.84,99.31,98.45999999999999,93.53
01jan2021,6,CA,California,39538224,103.79,98.37000000000001,103.93,104.92
01jan2021,8,CO,Colorado,5773714,105.66,99.56,103.97,110.25
01jan2021,9,CT,Connecticut,3605944,97.42,99.14,94.81,106.25
01jan2021,10,DE,Delaware,989948,102.78,96.69,103.47,104.6
01jan2021,11,DC,District of Columbia,689545,109.07,102.77,105.87,113.46
01jan2021,12,FL,Florida,21538188,102.72,96.3,104.26,102.61
01jan2021,13,GA,Georgia,10711908,101.65,97.62000000000001,102.46,102.11
01jan2021,15,HI,Hawaii,1455271,102.16,98.11,102.04,104.59
01jan2021,16,ID,Idaho,1839106,101.9,99.22,101.61,103.42
01jan2021,17,IL,Illinois,12812508,103.53,101.69,102.63,103.52
01jan2021,18,IN,Indiana,6785528,99.34,100.82,99.18000000000001,98.83
01jan2021,19,IA,Iowa,3190369,100.85,104.71,98.88,100.45
01jan2021,20,KS,Kansas,2937880,101.51,102.4,99.77,103.26
01jan2021,21,KY,Kentucky,4505836,98.01000000000001,98.95999999999999,98.95,96.92
01jan2021,22,LA,Louisiana,4657757,97.37000000000001,97.27,99.77,94.33
01jan2021,23,ME,Maine,1362359,92,98.23,89.09,103.54
01jan2021,24,MD,Maryland,6177224,104.8,99.38,103.51,108.57
01jan2021,25,MA,Massachusetts,7029917,97.40000000000001,99.74,93.75,108.44
01jan2021,26,MI,Michigan,10077331,101.45,101.05,100.89,101.53
01jan2021,27,MN,Minnesota,5706494,103.18,101.69,101.28,106.05
01jan2021,28,MS,Mississippi,2961279,94.97,96.58,98.02,91.28
01jan2021,29,MO,Missouri,6154913,101.13,101.37,100.63,100.67
01jan2021,30,MT,Montana,1084225,102.82,100.82,102.1,103.46
01jan2021,31,NE,Nebraska,1961504,101.64,102.12,99.95,103.57
01jan2021,32,NV,Nevada,3104614,102.63,95.94,104.8,101.19
01jan2021,33,NH,New Hampshire,1377529,102.2,99.94,100.17,107.74
01jan2021,34,NJ,New Jersey,9288994,101.03,98.75,99.56999999999999,106.61
01jan2021,35,NM,New Mexico,2117522,97.77,99.06,99.44,94.51000000000001
01jan2021,36,NY,New York,20201248,102.65,99.41,102.66,103.02
01jan2021,37,NC,North Carolina,10439388,100.83,98.28,101.48,101.04
01jan2021,38,ND,North Dakota,779094,100.58,102.42,98.67,102.89
01jan2021,39,OH,Ohio,11799448,100.19,100.56,99.8,100.56
01jan2021,40,OK,Oklahoma,3959353,99.08,97.8,100.24,98.65000000000001
01jan2021,41,OR,Oregon,4237256,104.32,100.94,102.96,106.41
01jan2021,42,PA,Pennsylvania,13002700,101.19,101.65,100.64,100.52
01jan2021,44,RI,Rhode Island,1097379,94.22,99.54000000000001,91.72,102.65
01jan2021,45,SC,South Carolina,5118425,99.40000000000001,97.45999999999999,100.85,98.53
01jan2021,46,SD,South Dakota,886667,103.32,107.06,100.45,102.2
01jan2021,47,TN,Tennessee,6910840,99.23,98.2,100.67,97.49
01jan2021,48,TX,Texas,29145504,100.68,96.34,102.05,101.3
01jan2021,49,UT,Utah,3271616,105.27,99.38,103.89,109.25
01jan2021,50,VT,Vermont,643077,102.14,105.33,98.95999999999999,104.22
01jan2021,51,VA,Virginia,8631393,103.14,99.43000000000001,101.93,106.87
01jan2021,53,WA,Washington,7705281,103.94,98.45,102.87,108.37
01jan2021,54,WV,West Virginia,1793716,95.98,99.28,97.52,93.05
01jan2021,55,WI,Wisconsin,5893718,101.25,102.95,99.78,101.56
01jan2021,56,WY,Wyoming,576851,102.28,101.24,101.01,104.01
01feb2021,1,AL,Alabama,5024279,100.08,106.34,98.92,95.43000000000001
01feb2021,2,AK,Alaska,733391,105.33,105.55,101.42,108.76
01feb2021,4,AZ,Arizona,7151502,105.26,104.48,103.71,103.36
01feb2021,5,AR,Arkansas,3011524,99.59,107.73,98.34,93.53
01feb2021,6,CA,California,39538224,105.64,104.3,103.74,104.92
01feb2021,8,CO,Colorado,5773714,107.8,106.54,103.68,110.25
01feb2021,9,CT,Connecticut,3605944,104.46,105.52,101.19,106.25
01feb2021,10,DE,Delaware,989948,104.4,99.92,104.16,104.6
01feb2021,11,DC,District of Columbia,689545,110.74,107.81,105.83,113.46
01feb2021,12,FL,Florida,21538188,104.79,102.77,104.11,102.61
01feb2021,13,GA,Georgia,10711908,104.09,105.61,102.12,102.11
01feb2021,15,HI,Hawaii,1455271,104.43,104.5,102.18,104.59
01feb2021,16,ID,Idaho,1839106,104.33,106.49,101.59,103.42
01feb2021,17,IL,Illinois,12812508,105.38,108.14,102.2,103.52
01feb2021,18,IN,Indiana,6785528,101.94,108.56,99.17,98.83
01feb2021,19,IA,Iowa,3190369,103.43,112.89,98.64,100.45
01feb2021,20,KS,Kansas,2937880,103.88,109.81,99.59,103.26
01feb2021,21,KY,Kentucky,4505836,100.38,106.54,98.69,96.92
01feb2021,22,LA,Louisiana,4657757,100,105.86,99.42,94.33
01feb2021,23,ME,Maine,1362359,101.83,105.76,98.61,103.54
01feb2021,24,MD,Maryland,6177224,107.11,106.72,103.3,108.57
01feb2021,25,MA,Massachusetts,7029917,96.7,106.45,89.87000000000001,108.44
01feb2021,26,MI,Michigan,10077331,103.77,108.29,100.73,101.53
01feb2021,27,MN,Minnesota,5706494,105.37,108.77,101.01,106.05
01feb2021,28,MS,Mississippi,2961279,97.90000000000001,105.89,97.73,91.28
01feb2021,29,MO,Missouri,6154913,103.48,109.03,100.32,100.67
01feb2021,30,MT,Montana,1084225,105.44,108.91,101.95,103.46
01feb2021,31,NE,Nebraska,1961504,103.98,109.48,99.76000000000001,103.57
01feb2021,32,NV,Nevada,3104614,104.47,100.93,105.01,101.19
01feb2021,33,NH,New Hampshire,1377529,97.18000000000001,107.53,90.27,107.74
01feb2021,34,NJ,New Jersey,9288994,100.19,105.27,95.59,106.61
01feb2021,35,NM,New Mexico,2117522,100.43,107.36,99.26000000000001,94.51000000000001
01feb2021,36,NY,New York,20201248,104.64,105.85,102.42,103.02
01feb2021,37,NC,North Carolina,10439388,103.37,106.34,101.24,101.04
01feb2021,38,ND,North Dakota,779094,103.66,110.47,99.15000000000001,102.89
01feb2021,39,OH,Ohio,11799448,102.71,107.97,99.81999999999999,100.56
01feb2021,40,OK,Oklahoma,3959353,101.61,105.82,100.01,98.65000000000001
01feb2021,41,OR,Oregon,4237256,106.59,107.84,102.88,106.41
01feb2021,42,PA,Pennsylvania,13002700,103.58,108.9,100.56,100.52
01feb2021,44,RI,Rhode Island,1097379,102.81,106.63,99.81,102.65
01feb2021,45,SC,South Carolina,5118425,102.14,105.94,100.7,98.53
01feb2021,46,SD,South Dakota,886667,105.25,112.98,100.35,102.2
01feb2021,47,TN,Tennessee,6910840,101.52,105.73,100.35,97.49
01feb2021,48,TX,Texas,29145504,102.97,103.82,101.73,101.3
01feb2021,49,UT,Utah,3271616,107.15,104.66,104.02,109.25
01feb2021,50,VT,Vermont,643077,101.82,112.1,95.56,104.22
01feb2021,51,VA,Virginia,8631393,105.64,106.95,101.87,106.87
01feb2021,53,WA,Washington,7705281,105.89,104.8,102.62,108.37
01feb2021,54,WV,West Virginia,1793716,98.24,108.07,96.59999999999999,93.05
01feb2021,55,WI,Wisconsin,5893718,103.53,110.25,99.54000000000001,101.56
01feb2021,56,WY,Wyoming,576851,104.77,109.24,100.74,104.01
01mar2021,1,AL,Alabama,5024279,100.03,105.92,99.04000000000001,95.43000000000001
01mar2021,2,AK,Alaska,733391,105.01,105.14,101.19,108.76
01mar2021,4,AZ,Arizona,7151502,105.08,104.07,103.65,103.36
01mar2021,5,AR,Arkansas,3011524,99.52,107.13,98.51000000000001,93.53
01mar2021,6,CA,California,39538224,105.51,103.83,103.78,104.92
01mar2021,8,CO,Colorado,5773714,107.76,106.26,103.76,110.25
01mar2021,9,CT,Connecticut,3605944,103.2,105.5,99.55,106.25
01mar2021,10,DE,Delaware,989948,104.22,99.52,104.09,104.6
01mar2021,11,DC,District of Columbia,689545,110.37,107.37,105.54,113.46
01mar2021,12,FL,Florida,21538188,104.59,102.14,104.13,102.61
01mar2021,13,GA,Georgia,10711908,103.94,104.97,102.21,102.11
01mar2021,15,HI,Hawaii,1455271,104.4,104.27,102.24,104.59
01mar2021,16,ID,Idaho,1839106,104.28,106.16,101.66,103.42
01mar2021,17,IL,Illinois,12812508,105.3,107.52,102.37,103.52
01mar2021,18,IN,Indiana,6785528,101.74,108.19,99.06999999999999,98.83
01mar2021,19,IA,Iowa,3190369,103.4,112.41,98.81,100.45
01mar2021,20,KS,Kansas,2937880,103.72,109.34,99.59,103.26
01mar2021,21,KY,Kentucky,4505836,100.4,106.1,98.92,96.92
01mar2021,22,LA,Louisiana,4657757,99.91,105.31,99.54000000000001,94.33
01mar2021,23,ME,Maine,1362359,99.79000000000001,106.37,95.68000000000001,103.54
01mar2021,24,MD,Maryland,6177224,106.89,105.92,103.36,108.57
01mar2021,25,MA,Massachusetts,7029917,101.2,106.13,95.89,108.44
01mar2021,26,MI,Michigan,10077331,103.67,107.77,100.82,101.53
01mar2021,27,MN,Minnesota,5706494,105.42,108.6,101.15,106.05
01mar2021,28,MS,Mississippi,2961279,97.7,105.26,97.75,91.28
01mar2021,29,MO,Missouri,6154913,103.46,108.69,100.45,100.67
01mar2021,30,MT,Montana,1084225,105.36,108.43,102.06,103.46
01mar2021,31,NE,Nebraska,1961504,103.98,109.1,99.93000000000001,103.57
01mar2021,32,NV,Nevada,3104614,104.52,100.49,105.26,101.19
01mar2021,33,NH,New Hampshire,1377529,103.9,106.68,99.42,107.74
01mar2021,34,NJ,New Jersey,9288994,101.31,105.05,97.16,106.61
01mar2021,35,NM,New Mexico,2117522,100.35,106.8,99.39,94.51000000000001
01mar2021,36,NY,New York,20201248,104.63,105.32,102.63,103.02
01mar2021,37,NC,North Carolina,10439388,103.31,105.78,101.4,101.04
01mar2021,38,ND,North Dakota,779094,103.26,109.83,98.90000000000001,102.89
01mar2021,39,OH,Ohio,11799448,102.57,107.51,99.84999999999999,100.56
01mar2021,40,OK,Oklahoma,3959353,101.5,105.49,100.02,98.65000000000001
01mar2021,41,OR,Oregon,4237256,106.38,107.31,102.85,106.41
01mar2021,42,PA,Pennsylvania,13002700,103.48,108.39,100.66,100.52
01mar2021,44,RI,Rhode Island,1097379,92.04000000000001,106.42,85.84999999999999,102.65
01mar2021,45,SC,South Carolina,5118425,101.95,105.49,100.64,98.53
01mar2021,46,SD,South Dakota,886667,105.15,112.52,100.43,102.2
01mar2021,47,TN,Tennessee,6910840,101.53,105.43,100.49,97.49
01mar2021,48,TX,Texas,29145504,102.79,103.2,101.77,101.3
01mar2021,49,UT,Utah,3271616,107.02,104.35,103.99,109.25
01mar2021,50,VT,Vermont,643077,97.03,111.7,89.48,104.22
01mar2021,51,VA,Virginia,8631393,105.26,106.18,101.72,106.87
01mar2021,53,WA,Washington,7705281,105.86,104.22,102.84,108.37
01mar2021,54,WV,West Virginia,1793716,98.34,107.72,96.88,93.05
01mar2021,55,WI,Wisconsin,5893718,103.46,109.81,99.65000000000001,101.56
01mar2021,56,WY,Wyoming,576851,104.79,109.26,100.76,104.01
01apr2021,1,AL,Alabama,5024279,99.41,105.91,98.23,95.43000000000001
01apr2021,2,AK,Alaska,733391,104.64,103.9,101.25,108.76
01apr2021,4,AZ,Arizona,7151502,104.6,103.79,103.14,103.36
01apr2021,5,AR,Arkansas,3011524,98.65000000000001,106.89,97.48,93.53
01apr2021,6,CA,California,39538224,105.09,103.74,103.27,104.92
01apr2021,8,CO,Colorado,5773714,107.4,106.26,103.29,110.25
01apr2021,9,CT,Connecticut,3605944,94.59999999999999,104.43,88.8,106.25
01apr2021,10,DE,Delaware,989948,103.55,98.84,103.52,104.6
01apr2021,11,DC,District of Columbia,689545,109.94,106.58,105.33,113.46
01apr2021,12,FL,Florida,21538188,104.27,101.91,103.81,102.61
01apr2021,13,GA,Georgia,10711908,103.25,104.69,101.43,102.11
01apr2021,15,HI,Hawaii,1455271,103.97,103.89,101.85,104.59
01apr2021,16,ID,Idaho,1839106,103.62,105.76,100.98,103.42
01apr2021,17,IL,Illinois,12812508,104.79,108.5,101.26,103.52
01apr2021,18,IN,Indiana,6785528,101.18,108.13,98.38,98.83
01apr2021,19,IA,Iowa,3190369,102.68,112.31,97.92,100.45
01apr2021,20,KS,Kansas,2937880,103.55,109.28,99.39,103.26
01apr2021,21,KY,Kentucky,4505836,99.77,106.36,97.98,96.92
01apr2021,22,LA,Louisiana,4657757,99.34,105.06,98.91,94.33
01apr2021,23,ME,Maine,1362359,87.55,105.87,79.93000000000001,103.54
01apr2021,24,MD,Maryland,6177224,106.15,105.47,102.59,108.57
01apr2021,25,MA,Massachusetts,7029917,90.95,106.18,82.49,108.44
01apr2021,26,MI,Michigan,10077331,103.07,107.98,99.95,101.53
01apr2021,27,MN,Minnesota,5706494,104.94,108.7,100.49,106.05
01apr2021,28,MS,Mississippi,2961279,97.14,105.04,97.11,91.28
01apr2021,29,MO,Missouri,6154913,102.95,108.7,99.78,100.67
01apr2021,30,MT,Montana,1084225,104.94,108.17,101.63,103.46
01apr2021,31,NE,Nebraska,1961504,103.58,109.22,99.34,103.57
01apr2021,32,NV,Nevada,3104614,103.95,100.68,104.43,101.19
01apr2021,33,NH,New Hampshire,1377529,93.87000000000001,105.66,86.79000000000001,107.74
01apr2021,34,NJ,New Jersey,9288994,95.93000000000001,104.98,90.16,106.61
01apr2021,35,NM,New Mexico,2117522,99.89,106.74,98.83,94.51000000000001
01apr2021,36,NY,New York,20201248,104.09,105.08,102.03,103.02
01apr2021,37,NC,North Carolina,10439388,102.68,105.54,100.7,101.04
01apr2021,38,ND,North Dakota,779094,102.84,110.24,98.18000000000001,102.89
01apr2021,39,OH,Ohio,11799448,102.05,107.56,99.15000000000001,100.56
01apr2021,40,OK,Oklahoma,3959353,101.95,108.22,99.40000000000001,98.65000000000001
01apr2021,41,OR,Oregon,4237256,105.81,107.01,102.24,106.41
01apr2021,42,PA,Pennsylvania,13002700,102.99,108.45,99.99,100.52
01apr2021,44,RI,Rhode Island,1097379,97.59999999999999,106.6,93.03,102.65
01apr2021,45,SC,South Carolina,5118425,101.3,105.14,99.95,98.53
01apr2021,46,SD,South Dakota,886667,104.53,112.18,99.77,102.2
01apr2021,47,TN,Tennessee,6910840,100.98,105.3,99.81999999999999,97.49
01apr2021,48,TX,Texas,29145504,102.36,103.01,101.3,101.3
01apr2021,49,UT,Utah,3271616,106.51,104.43,103.28,109.25
01apr2021,50,VT,Vermont,643077,93.31,110.81,85.02,104.22
01apr2021,51,VA,Virginia,8631393,104.77,105.88,101.21,106.87
01apr2021,53,WA,Washington,7705281,105.15,104.01,102,108.37
01apr2021,54,WV,West Virginia,1793716,97.84,107.14,96.49,93.05
01apr2021,55,WI,Wisconsin,5893718,102.94,109.73,99,101.56
01apr2021,56,WY,Wyoming,576851,104.31,109.29,100.12,104.01
01may2021,1,AL,Alabama,5024279,99.83,106.12,98.69,95.43000000000001
01may2021,2,AK,Alaska,733391,104.65,104.68,100.92,108.76
01may2021,4,AZ,Arizona,7151502,105.01,104.27,103.47,103.36
01may2021,5,AR,Arkansas,3011524,99.17,107.22,98.02,93.53
01may2021,6,CA,California,39538224,105.35,104.12,103.43,104.92
01may2021,8,CO,Colorado,5773714,107.76,106.84,103.5,110.25
01may2021,9,CT,Connecticut,3605944,105.53,104.94,102.84,106.25
01may2021,10,DE,Delaware,989948,103.64,98.25,103.9,104.6
01may2021,11,DC,District of Columbia,689545,110.11,107.36,105.2,113.46
01may2021,12,FL,Florida,21538188,104.51,102.31,103.95,102.61
01may2021,13,GA,Georgia,10711908,103.72,105.16,101.83,102.11
01may2021,15,HI,Hawaii,1455271,104.22,104.18,102.04,104.59
01may2021,16,ID,Idaho,1839106,103.93,105.91,101.32,103.42
01may2021,17,IL,Illinois,12812508,104.88,108.72,101.29,103.52
01may2021,18,IN,Indiana,6785528,101.64,108.74,98.7,98.83
01may2021,19,IA,Iowa,3190369,103.07,112.75,98.23,100.45
01may2021,20,KS,Kansas,2937880,103.6,109.56,99.34,103.26
01may2021,21,KY,Kentucky,4505836,100.23,106.61,98.47,96.92
01may2021,22,LA,Louisiana,4657757,99.70999999999999,105.72,99.11,94.33
01may2021,23,ME,Maine,1362359,94.5,106.2,88.84,103.54
01may2021,24,MD,Maryland,6177224,106.62,106.29,102.84,108.57
01may2021,25,MA,Massachusetts,7029917,102.24,105.84,97.38,108.44
01may2021,26,MI,Michigan,10077331,103.53,108.36,100.39,101.53
01may2021,27,MN,Minnesota,5706494,105.22,108.94,100.75,106.05
01may2021,28,MS,Mississippi,2961279,97.5,105.44,97.41,91.28
01may2021,29,MO,Missouri,6154913,103.42,109.12,100.2,100.67
01may2021,30,MT,Montana,1084225,105.21,108.62,101.79,103.46
01may2021,31,NE,Nebraska,1961504,103.87,109.77,99.48,103.57
01may2021,32,NV,Nevada,3104614,104.24,101.2,104.59,101.19
01may2021,33,NH,New Hampshire,1377529,100.86,106.7,95.45,107.74
01may2021,34,NJ,New Jersey,9288994,104.25,105.31,100.88,106.61
01may2021,35,NM,New Mexico,2117522,100.29,107.18,99.14,94.51000000000001
01may2021,36,NY,New York,20201248,104.38,105.69,102.15,103.02
01may2021,37,NC,North Carolina,10439388,103,105.99,100.91,101.04
01may2021,38,ND,North Dakota,779094,103.22,110.64,98.49,102.89
01may2021,39,OH,Ohio,11799448,102.48,108.05,99.49,100.56
01may2021,40,OK,Oklahoma,3959353,102.22,108.45,99.65000000000001,98.65000000000001
01may2021,41,OR,Oregon,4237256,106.25,107.25,102.71,106.41
01may2021,42,PA,Pennsylvania,13002700,103.37,108.92,100.28,100.52
01may2021,44,RI,Rhode Island,1097379,104.3,106.58,101.78,102.65
01may2021,45,SC,South Carolina,5118425,101.6,105.5,100.18,98.53
01may2021,46,SD,South Dakota,886667,104.76,112.79,99.81,102.2
01may2021,47,TN,Tennessee,6910840,101.43,105.75,100.21,97.49
01may2021,48,TX,Texas,29145504,102.76,103.57,101.58,101.3
01may2021,49,UT,Utah,3271616,106.82,104.89,103.48,109.25
01may2021,50,VT,Vermont,643077,105.91,112.49,100.72,104.22
01may2021,51,VA,Virginia,8631393,105,106.33,101.32,106.87
01may2021,53,WA,Washington,7705281,105.59,104.28,102.45,108.37
01may2021,54,WV,West Virginia,1793716,98.24,107.57,96.81999999999999,93.05
01may2021,55,WI,Wisconsin,5893718,103.2,110.32,99.08,101.56
01may2021,56,WY,Wyoming,576851,104.35,109.45,100.1,104.01
01jun2021,1,AL,Alabama,5024279,100,106.65,98.68000000000001,95.43000000000001
01jun2021,2,AK,Alaska,733391,104.86,105.37,100.88,108.76
01jun2021,4,AZ,Arizona,7151502,105.07,105,103.23,103.36
01jun2021,5,AR,Arkansas,3011524,99.34999999999999,107.75,98.02,93.53
01jun2021,6,CA,California,39538224,105.52,104.73,103.39,104.92
01jun2021,8,CO,Colorado,5773714,107.83,107.26,103.4,110.25
01jun2021,9,CT,Connecticut,3605944,95.29000000000001,105.7,89.15000000000001,106.25
01jun2021,10,DE,Delaware,989948,103.74,98.81999999999999,103.77,104.6
01jun2021,11,DC,District of Columbia,689545,110.29,108.14,105.1,113.46
01jun2021,12,FL,Florida,21538188,104.63,103.02,103.79,102.61
01jun2021,13,GA,Georgia,10711908,103.87,105.78,101.76,102.11
01jun2021,15,HI,Hawaii,1455271,104.26,104.5,101.96,104.59
01jun2021,16,ID,Idaho,1839106,104.07,106.37,101.3,103.42
01jun2021,17,IL,Illinois,12812508,105.04,108.83,101.44,103.52
01jun2021,18,IN,Indiana,6785528,101.77,109.26,98.64,98.83
01jun2021,19,IA,Iowa,3190369,103.33,113.54,98.23,100.45
01jun2021,20,KS,Kansas,2937880,103.64,110,99.2,103.26
01jun2021,21,KY,Kentucky,4505836,100.1,106.86,98.2,96.92
01jun2021,22,LA,Louisiana,4657757,99.98,106.31,99.19,94.33
01jun2021,23,ME,Maine,1362359,100.88,107.85,96.44,103.54
01jun2021,24,MD,Maryland,6177224,106.73,106.82,102.75,108.57
01jun2021,25,MA,Massachusetts,7029917,100.03,107.14,93.92,108.44
01jun2021,26,MI,Michigan,10077331,103.57,108.78,100.25,101.53
01jun2021,27,MN,Minnesota,5706494,105.33,109.64,100.58,106.05
01jun2021,28,MS,Mississippi,2961279,97.7,106.16,97.36,91.28
01jun2021,29,MO,Missouri,6154913,103.57,109.73,100.13,100.67
01jun2021,30,MT,Montana,1084225,105.35,109.16,101.72,103.46
01jun2021,31,NE,Nebraska,1961504,104.1,110.54,99.45,103.57
01jun2021,32,NV,Nevada,3104614,104.47,101.66,104.68,101.19
01jun2021,33,NH,New Hampshire,1377529,103,107.84,97.74,107.74
01jun2021,34,NJ,New Jersey,9288994,101.28,106.2,96.61,106.61
01jun2021,35,NM,New Mexico,2117522,100.46,107.43,99.27,94.51000000000001
01jun2021,36,NY,New York,20201248,104.53,106.22,102.1,103.02
01jun2021,37,NC,North Carolina,10439388,103.21,106.56,100.93,101.04
01jun2021,38,ND,North Dakota,779094,103.14,111.38,98.06999999999999,102.89
01jun2021,39,OH,Ohio,11799448,102.79,108.94,99.5,100.56
01jun2021,40,OK,Oklahoma,3959353,101.57,106.72,99.56,98.65000000000001
01jun2021,41,OR,Oregon,4237256,106.31,107.81,102.54,106.41
01jun2021,42,PA,Pennsylvania,13002700,103.38,109.22,100.17,100.52
01jun2021,44,RI,Rhode Island,1097379,97.91,107.39,93.08,102.65
01jun2021,45,SC,South Carolina,5118425,101.79,106.06,100.18,98.53
01jun2021,46,SD,South Dakota,886667,105.08,113.63,99.84999999999999,102.2
01jun2021,47,TN,Tennessee,6910840,101.6,106.29,100.2,97.49
01jun2021,48,TX,Texas,29145504,102.93,104.19,101.52,101.3
01jun2021,49,UT,Utah,3271616,107.11,105.57,103.56,109.25
01jun2021,50,VT,Vermont,643077,96.97,112.92,88.87000000000001,104.22
01jun2021,51,VA,Virginia,8631393,105.38,107.09,101.47,106.87
01jun2021,53,WA,Washington,7705281,105.8,104.76,102.51,108.37
01jun2021,54,WV,West Virginia,1793716,98.45999999999999,108.37,96.76000000000001,93.05
01jun2021,55,WI,Wisconsin,5893718,103.51,111.16,99.12000000000001,101.56
01jun2021,56,WY,Wyoming,576851,104.81,109.82,100.53,104.01
01jul2021,1,AL,Alabama,5024279,99.72,106.13,98.55,95.43000000000001
01jul2021,2,AK,Alaska,733391,104.48,104.6,100.74,108.76
01jul2021,4,AZ,Arizona,7151502,104.94,104.24,103.39,103.36
01jul2021,5,AR,Arkansas,3011524,99,106.91,97.93000000000001,93.53
01jul2021,6,CA,California,39538224,105.29,103.9,103.45,104.92
01jul2021,8,CO,Colorado,5773714,107.63,106.52,103.47,110.25
01jul2021,9,CT,Connecticut,3605944,103.12,105.87,99.29000000000001,106.25
01jul2021,10,DE,Delaware,989948,103.95,99.91,103.58,104.6
01jul2021,11,DC,District of Columbia,689545,110.15,106.92,105.45,113.46
01jul2021,12,FL,Florida,21538188,104.43,102.33,103.83,102.61
01jul2021,13,GA,Georgia,10711908,103.59,104.9,101.79,102.11
01jul2021,15,HI,Hawaii,1455271,104.03,103.32,102.18,104.59
01jul2021,16,ID,Idaho,1839106,103.87,105.55,101.4,103.42
01jul2021,17,IL,Illinois,12812508,105.26,108.94,101.69,103.52
01jul2021,18,IN,Indiana,6785528,101.63,108.47,98.81,98.83
01jul2021,19,IA,Iowa,3190369,103.23,112.77,98.44,100.45
01jul2021,20,KS,Kansas,2937880,103.58,109.37,99.40000000000001,103.26
01jul2021,21,KY,Kentucky,4505836,100.08,106.19,98.45999999999999,96.92
01jul2021,22,LA,Louisiana,4657757,99.59,105.4,99.08,94.33
01jul2021,23,ME,Maine,1362359,85.03,105.61,76.75,103.54
01jul2021,24,MD,Maryland,6177224,106.43,105.91,102.77,108.57
01jul2021,25,MA,Massachusetts,7029917,92,106.72,83.63,108.44
01jul2021,26,MI,Michigan,10077331,103.39,108,100.36,101.53
01jul2021,27,MN,Minnesota,5706494,105.19,109.06,100.65,106.05
01jul2021,28,MS,Mississippi,2961279,97.29000000000001,105.2,97.24,91.28
01jul2021,29,MO,Missouri,6154913,103.43,109.24,100.17,100.67
01jul2021,30,MT,Montana,1084225,105,108.02,101.77,103.46
01jul2021,31,NE,Nebraska,1961504,103.89,109.75,99.52,103.57
01jul2021,32,NV,Nevada,3104614,104.12,100.93,104.54,101.19
01jul2021,33,NH,New Hampshire,1377529,104.27,107.76,99.43000000000001,107.74
01jul2021,34,NJ,New Jersey,9288994,99.06,105.23,94.14,106.61
01jul2021,35,NM,New Mexico,2117522,100.05,106.62,99.09,94.51000000000001
01jul2021,36,NY,New York,20201248,104.24,105.39,102.1,103.02
01jul2021,37,NC,North Carolina,10439388,102.91,105.59,100.97,101.04
01jul2021,38,ND,North Dakota,779094,103.17,110.55,98.45999999999999,102.89
01jul2021,39,OH,Ohio,11799448,102.59,108.1,99.61,100.56
01jul2021,40,OK,Oklahoma,3959353,101.73,107.06,99.63,98.65000000000001
01jul2021,41,OR,Oregon,4237256,106.12,106.91,102.68,106.41
01jul2021,42,PA,Pennsylvania,13002700,103.22,108.41,100.31,100.52
01jul2021,44,RI,Rhode Island,1097379,94.49,106.67,88.94,102.65
01jul2021,45,SC,South Carolina,5118425,101.51,105.13,100.23,98.53
01jul2021,46,SD,South Dakota,886667,104.95,112.63,100.12,102.2
01jul2021,47,TN,Tennessee,6910840,101.38,105.39,100.31,97.49
01jul2021,48,TX,Texas,29145504,102.72,103.45,101.57,101.3
01jul2021,49,UT,Utah,3271616,106.89,104.84,103.59,109.25
01jul2021,50,VT,Vermont,643077,106.48,112.51,101.46,104.22
01jul2021,51,VA,Virginia,8631393,105.01,106.07,101.45,106.87
01jul2021,53,WA,Washington,7705281,103.44,103.57,99.97,108.37
01jul2021,54,WV,West Virginia,1793716,98.12000000000001,107.63,96.63,93.05
01jul2021,55,WI,Wisconsin,5893718,103.37,110.5,99.22,101.56
01jul2021,56,WY,Wyoming,576851,104.27,108.49,100.42,104.01
01aug2021,1,AL,Alabama,5024279,99.98,107.44,98.31,95.43000000000001
01aug2021,2,AK,Alaska,733391,105.36,106.23,101.16,108.76
01aug2021,4,AZ,Arizona,7151502,105.13,104.91,103.34,103.36
01aug2021,5,AR,Arkansas,3011524,99.27,108.23,97.7,93.53
01aug2021,6,CA,California,39538224,105.31,104.27,103.31,104.92
01aug2021,8,CO,Colorado,5773714,106.12,107.27,101.18,110.25
01aug2021,9,CT,Connecticut,3605944,102.36,106.88,97.84,106.25
01aug2021,10,DE,Delaware,989948,102.38,95.45999999999999,103.48,104.6
01aug2021,11,DC,District of Columbia,689545,109.93,107.21,105.04,113.46
01aug2021,12,FL,Florida,21538188,104.54,103.04,103.66,102.61
01aug2021,13,GA,Georgia,10711908,103.73,105.84,101.55,102.11
01aug2021,15,HI,Hawaii,1455271,104.17,104.25,101.95,104.59
01aug2021,16,ID,Idaho,1839106,104.13,106.48,101.32,103.42
01aug2021,17,IL,Illinois,12812508,105.15,108.97,101.53,103.52
01aug2021,18,IN,Indiana,6785528,101.91,109.53,98.70999999999999,98.83
01aug2021,19,IA,Iowa,3190369,103.44,114.17,98.09,100.45
01aug2021,20,KS,Kansas,2937880,103.93,110.45,99.38,103.26
01aug2021,21,KY,Kentucky,4505836,100.3,107.31,98.26000000000001,96.92
01aug2021,22,LA,Louisiana,4657757,99.94,106.72,98.95999999999999,94.33
01aug2021,23,ME,Maine,1362359,98.09,107.64,92.90000000000001,103.54
01aug2021,24,MD,Maryland,6177224,106.59,106.66,102.65,108.57
01aug2021,25,MA,Massachusetts,7029917,103.39,107.68,98.06,108.44
01aug2021,26,MI,Michigan,10077331,103.52,108.74,100.2,101.53
01aug2021,27,MN,Minnesota,5706494,105.54,109.76,100.8,106.05
01aug2021,28,MS,Mississippi,2961279,97.54000000000001,106.36,97.06,91.28
01aug2021,29,MO,Missouri,6154913,103.51,109.85,100,100.67
01aug2021,30,MT,Montana,1084225,105.38,108.96,101.85,103.46
01aug2021,31,NE,Nebraska,1961504,104.33,110.75,99.65000000000001,103.57
01aug2021,32,NV,Nevada,3104614,104.26,101.06,104.68,101.19
01aug2021,33,NH,New Hampshire,1377529,94.70999999999999,108.16,86.78,107.74
01aug2021,34,NJ,New Jersey,9288994,100.05,105.61,95.26000000000001,106.61
01aug2021,35,NM,New Mexico,2117522,100.08,107.19,98.87000000000001,94.51000000000001
01aug2021,36,NY,New York,20201248,104.4,105.81,102.11,103.02
01aug2021,37,NC,North Carolina,10439388,103.05,106.22,100.87,101.04
01aug2021,38,ND,North Dakota,779094,103.94,112.87,98.45,102.89
01aug2021,39,OH,Ohio,11799448,102.77,108.98,99.45999999999999,100.56
01aug2021,40,OK,Oklahoma,3959353,101.63,107.08,99.49,98.65000000000001
01aug2021,41,OR,Oregon,4237256,106.13,107.5,102.43,106.41
01aug2021,42,PA,Pennsylvania,13002700,103.45,109.26,100.24,100.52
01aug2021,44,RI,Rhode Island,1097379,102.29,106.7,99.09999999999999,102.65
01aug2021,45,SC,South Carolina,5118425,101.62,105.84,100.06,98.53
01aug2021,46,SD,South Dakota,886667,105.32,113.32,100.3,102.2
01aug2021,47,TN,Tennessee,6910840,101.47,106.04,100.14,97.49
01aug2021,48,TX,Texas,29145504,102.84,104.19,101.41,101.3
01aug2021,49,UT,Utah,3271616,106.84,105,103.47,109.25
01aug2021,50,VT,Vermont,643077,96.65000000000001,111.73,88.98,104.22
01aug2021,51,VA,Virginia,8631393,105.15,106.79,101.31,106.87
01aug2021,53,WA,Washington,7705281,105.14,104.08,101.96,108.37
01aug2021,54,WV,West Virginia,1793716,98.43000000000001,107.55,97.06999999999999,93.05
01aug2021,55,WI,Wisconsin,5893718,103.56,111.24,99.15000000000001,101.56
01aug2021,56,WY,Wyoming,576851,104.7,109.48,100.55,104.01
01sep2021,1,AL,Alabama,5024279,100.13,107.76,98.36,95.43000000000001
01sep2021,2,AK,Alaska,733391,105.32,106.27,101.09,108.76
01sep2021,4,AZ,Arizona,7151502,105.12,105.43,103.11,103.36
01sep2021,5,AR,Arkansas,3011524,99.55,108.54,97.94,93.53
01sep2021,6,CA,California,39538224,105.37,104.5,103.29,104.92
01sep2021,8,CO,Colorado,5773714,108.02,107.41,103.59,110.25
01sep2021,9,CT,Connecticut,3605944,98.79000000000001,107.09,93.09,106.25
01sep2021,10,DE,Delaware,989948,98.90000000000001,97.79000000000001,97.91,104.6
01sep2021,11,DC,District of Columbia,689545,110.28,107.54,105.35,113.46
01sep2021,12,FL,Florida,21538188,104.62,103.26,103.67,102.61
01sep2021,13,GA,Georgia,10711908,103.77,106.15,101.46,102.11
01sep2021,15,HI,Hawaii,1455271,104.1,104.19,101.88,104.59
01sep2021,16,ID,Idaho,1839106,104.16,106.6,101.32,103.42
01sep2021,17,IL,Illinois,12812508,105.83,110.56,101.72,103.52
01sep2021,18,IN,Indiana,6785528,101.98,109.56,98.78,98.83
01sep2021,19,IA,Iowa,3190369,103.6,114.13,98.31,100.45
01sep2021,20,KS,Kansas,2937880,103.81,110.27,99.29000000000001,103.26
01sep2021,21,KY,Kentucky,4505836,100.43,107.65,98.28,96.92
01sep2021,22,LA,Louisiana,4657757,99.83,107.01,98.69,94.33
01sep2021,23,ME,Maine,1362359,99.13,105.7,95.11,103.54
01sep2021,24,MD,Maryland,6177224,106.75,107.03,102.69,108.57
01sep2021,25,MA,Massachusetts,7029917,99.45999999999999,106.66,93.39,108.44
01sep2021,26,MI,Michigan,10077331,103.54,108.79,100.21,101.53
01sep2021,27,MN,Minnesota,5706494,105.57,110.23,100.63,106.05
01sep2021,28,MS,Mississippi,2961279,97.52,106.68,96.89,91.28
01sep2021,29,MO,Missouri,6154913,103.69,110.26,100.05,100.67
01sep2021,30,MT,Montana,1084225,105.16,108.88,101.6,103.46
01sep2021,31,NE,Nebraska,1961504,104.24,110.71,99.55,103.57
01sep2021,32,NV,Nevada,3104614,104.18,101.61,104.33,101.19
01sep2021,33,NH,New Hampshire,1377529,93.01000000000001,107.18,84.99,107.74
01sep2021,34,NJ,New Jersey,9288994,102.55,106.37,98.19,106.61
01sep2021,35,NM,New Mexico,2117522,100.32,108.01,98.81999999999999,94.51000000000001
01sep2021,36,NY,New York,20201248,104.37,105.84,102.07,103.02
01sep2021,37,NC,North Carolina,10439388,103.15,106.57,100.86,101.04
01sep2021,38,ND,North Dakota,779094,103.79,112.25,98.53,102.89
01sep2021,39,OH,Ohio,11799448,102.62,108.77,99.34999999999999,100.56
01sep2021,40,OK,Oklahoma,3959353,102.2,108.93,99.41,98.65000000000001
01sep2021,41,OR,Oregon,4237256,106.21,107.67,102.46,106.41
01sep2021,42,PA,Pennsylvania,13002700,103.46,109.17,100.3,100.52
01sep2021,44,RI,Rhode Island,1097379,103.35,106.39,100.63,102.65
01sep2021,45,SC,South Carolina,5118425,101.74,106.23,100.05,98.53
01sep2021,46,SD,South Dakota,886667,105.22,113,100.3,102.2
01sep2021,47,TN,Tennessee,6910840,101.46,106.08,100.11,97.49
01sep2021,48,TX,Texas,29145504,103,104.68,101.4,101.3
01sep2021,49,UT,Utah,3271616,106.84,104.94,103.49,109.25
01sep2021,50,VT,Vermont,643077,100.53,112.14,93.86,104.22
01sep2021,51,VA,Virginia,8631393,105.21,107.12,101.24,106.87
01sep2021,53,WA,Washington,7705281,105.4,104.3,102.2,108.37
01sep2021,54,WV,West Virginia,1793716,98.04000000000001,108.13,96.31999999999999,93.05
01sep2021,55,WI,Wisconsin,5893718,103.63,111.32,99.19,101.56
01sep2021,56,WY,Wyoming,576851,103.94,108.95,99.78,104.01
01oct2021,1,AL,Alabama,5024279,101.27,110.86,98.48,95.43000000000001
01oct2021,2,AK,Alaska,733391,105.91,108.26,100.99,108.76
01oct2021,4,AZ,Arizona,7151502,106.11,108.27,103.14,103.36
01oct2021,5,AR,Arkansas,3011524,100.35,111.41,97.70999999999999,93.53
01oct2021,6,CA,California,39538224,106.17,106.87,103.29,104.92
01oct2021,8,CO,Colorado,5773714,109.01,110.24,103.63,110.25
01oct2021,9,CT,Connecticut,3605944,102.08,108.56,96.74,106.25
01oct2021,10,DE,Delaware,989948,103.87,99.09999999999999,103.82,104.6
01oct2021,11,DC,District of Columbia,689545,111.12,108.98,105.8,113.46
01oct2021,12,FL,Florida,21538188,105.63,106.01,103.78,102.61
01oct2021,13,GA,Georgia,10711908,104.73,108.86,101.53,102.11
01oct2021,15,HI,Hawaii,1455271,104.86,106.63,101.81,104.59
01oct2021,16,ID,Idaho,1839106,105.16,109.42,101.38,103.42
01oct2021,17,IL,Illinois,12812508,106.9,113.24,101.93,103.52
01oct2021,18,IN,Indiana,6785528,102.67,112.83,98.25,98.83
01oct2021,19,IA,Iowa,3190369,104.67,116.85,98.51000000000001,100.45
01oct2021,20,KS,Kansas,2937880,104.79,113.43,99.18000000000001,103.26
01oct2021,21,KY,Kentucky,4505836,101.44,110.75,98.22,96.92
01oct2021,22,LA,Louisiana,4657757,100.87,109.87,98.78,94.33
01oct2021,23,ME,Maine,1362359,98.54000000000001,109.46,92.68000000000001,103.54
01oct2021,24,MD,Maryland,6177224,107.6,109.47,102.72,108.57
01oct2021,25,MA,Massachusetts,7029917,96.11,109.6,87.70999999999999,108.44
01oct2021,26,MI,Michigan,10077331,104.47,111.7,100.13,101.53
01oct2021,27,MN,Minnesota,5706494,106.46,112.79,100.66,106.05
01oct2021,28,MS,Mississippi,2961279,98.5,109.5,96.93000000000001,91.28
01oct2021,29,MO,Missouri,6154913,104.53,112.84,100.02,100.67
01oct2021,30,MT,Montana,1084225,106.22,111.05,102.03,103.46
01oct2021,31,NE,Nebraska,1961504,105.17,113.49,99.55,103.57
01oct2021,32,NV,Nevada,3104614,104.92,103.67,104.38,101.19
01oct2021,33,NH,New Hampshire,1377529,102.29,108.96,96.31999999999999,107.74
01oct2021,34,NJ,New Jersey,9288994,99.47,108.63,93.17,106.61
01oct2021,35,NM,New Mexico,2117522,101.43,111.26,98.84,94.51000000000001
01oct2021,36,NY,New York,20201248,105.25,108.52,102.04,103.02
01oct2021,37,NC,North Carolina,10439388,104.19,109.56,100.89,101.04
01oct2021,38,ND,North Dakota,779094,105.22,115.72,98.86,102.89
01oct2021,39,OH,Ohio,11799448,103.6,111.9,99.26000000000001,100.56
01oct2021,40,OK,Oklahoma,3959353,103.55,112.89,99.44,98.65000000000001
01oct2021,41,OR,Oregon,4237256,107.1,110.29,102.48,106.41
01oct2021,42,PA,Pennsylvania,13002700,104.53,112.23,100.34,100.52
01oct2021,44,RI,Rhode Island,1097379,104.75,109.17,101.23,102.65
01oct2021,45,SC,South Carolina,5118425,102.8,109.27,100.08,98.53
01oct2021,46,SD,South Dakota,886667,105.66,114.91,100.04,102.2
01oct2021,47,TN,Tennessee,6910840,102.58,109.4,100.11,97.49
01oct2021,48,TX,Texas,29145504,103.98,107.43,101.46,101.3
01oct2021,49,UT,Utah,3271616,107.72,107.61,103.46,109.25
01oct2021,50,VT,Vermont,643077,104.07,114.09,97.62000000000001,104.22
01oct2021,51,VA,Virginia,8631393,106.15,109.85,101.27,106.87
01oct2021,53,WA,Washington,7705281,106.3,106.41,102.44,108.37
01oct2021,54,WV,West Virginia,1793716,99.01000000000001,110.44,96.56,93.05
01oct2021,55,WI,Wisconsin,5893718,104.7,114.8,99.06999999999999,101.56
01oct2021,56,WY,Wyoming,576851,105.32,111.94,100.27,104.01
01nov2021,1,AL,Alabama,5024279,100.64,110.2,97.95,95.43000000000001
01nov2021,2,AK,Alaska,733391,105.77,108.25,100.8,108.76
01nov2021,4,AZ,Arizona,7151502,106.26,108.42,103.27,103.36
01nov2021,5,AR,Arkansas,3011524,100.26,110.84,97.84999999999999,93.53
01nov2021,6,CA,California,39538224,106.23,106.93,103.35,104.92
01nov2021,8,CO,Colorado,5773714,108.9,109.89,103.65,110.25
01nov2021,9,CT,Connecticut,3605944,106.02,108.46,101.93,106.25
01nov2021,10,DE,Delaware,989948,103.53,99.81999999999999,103.07,104.6
01nov2021,11,DC,District of Columbia,689545,110.52,108.63,105.18,113.46
01nov2021,12,FL,Florida,21538188,105.66,106.08,103.79,102.61
01nov2021,13,GA,Georgia,10711908,104.74,108.6,101.66,102.11
01nov2021,15,HI,Hawaii,1455271,105.12,106.71,102.1,104.59
01nov2021,16,ID,Idaho,1839106,105.07,108.99,101.45,103.42
01nov2021,17,IL,Illinois,12812508,106.61,112.19,102.01,103.52
01nov2021,18,IN,Indiana,6785528,102.88,112.29,98.75,98.83
01nov2021,19,IA,Iowa,3190369,104.39,116.47,98.31,100.45
01nov2021,20,KS,Kansas,2937880,104.61,112.83,99.22,103.26
01nov2021,21,KY,Kentucky,4505836,101.37,110.6,98.20999999999999,96.92
01nov2021,22,LA,Louisiana,4657757,100.96,109.69,98.99,94.33
01nov2021,23,ME,Maine,1362359,102.84,110.65,97.76000000000001,103.54
01nov2021,24,MD,Maryland,6177224,107.78,109.99,102.73,108.57
01nov2021,25,MA,Massachusetts,7029917,107,109.96,101.77,108.44
01nov2021,26,MI,Michigan,10077331,104.35,111.28,100.17,101.53
01nov2021,27,MN,Minnesota,5706494,106.56,112.66,100.84,106.05
01nov2021,28,MS,Mississippi,2961279,98.70999999999999,109.72,97.09999999999999,91.28
01nov2021,29,MO,Missouri,6154913,104.41,112.45,100.03,100.67
01nov2021,30,MT,Montana,1084225,105.96,110.71,101.84,103.46
01nov2021,31,NE,Nebraska,1961504,105.07,113.25,99.52,103.57
01nov2021,32,NV,Nevada,3104614,105.33,103.62,104.95,101.19
01nov2021,33,NH,New Hampshire,1377529,105.55,109.92,100.15,107.74
01nov2021,34,NJ,New Jersey,9288994,104.17,108.26,99.48,106.61
01nov2021,35,NM,New Mexico,2117522,101.32,110.77,98.91,94.51000000000001
01nov2021,36,NY,New York,20201248,105.35,108.32,102.26,103.02
01nov2021,37,NC,North Carolina,10439388,104.18,109.33,100.98,101.04
01nov2021,38,ND,North Dakota,779094,104.27,114.3,98.25,102.89
01nov2021,39,OH,Ohio,11799448,103.7,111.68,99.48,100.56
01nov2021,40,OK,Oklahoma,3959353,102.76,110.1,99.63,98.65000000000001
01nov2021,41,OR,Oregon,4237256,107.16,110.27,102.56,106.41
01nov2021,42,PA,Pennsylvania,13002700,104.17,111.6,100.15,100.52
01nov2021,44,RI,Rhode Island,1097379,98.26000000000001,109.59,92.58,102.65
01nov2021,45,SC,South Carolina,5118425,102.97,109.36,100.28,98.53
01nov2021,46,SD,South Dakota,886667,105.66,115.08,99.95999999999999,102.2
01nov2021,47,TN,Tennessee,6910840,102.55,109.16,100.18,97.49
01nov2021,48,TX,Texas,29145504,103.96,107.23,101.52,101.3
01nov2021,49,UT,Utah,3271616,107.45,107.15,103.32,109.25
01nov2021,50,VT,Vermont,643077,108.42,115.22,102.79,104.22
01nov2021,51,VA,Virginia,8631393,106.18,109.8,101.33,106.87
01nov2021,53,WA,Washington,7705281,106.16,106.53,102.21,108.37
01nov2021,54,WV,West Virginia,1793716,99.16,110.86,96.56,93.05
01nov2021,55,WI,Wisconsin,5893718,104.65,114.39,99.18000000000001,101.56
01nov2021,56,WY,Wyoming,576851,105.39,111.63,100.49,104.01
01dec2021,1,AL,Alabama,5024279,101.8,112.9,98.28,95.43000000000001
01dec2021,2,AK,Alaska,733391,107.07,111.22,101.2,108.76
01dec2021,4,AZ,Arizona,7151502,107.54,110.83,103.88,103.36
01dec2021,5,AR,Arkansas,3011524,101.23,113.4,97.98,93.53
01dec2021,6,CA,California,39538224,107.11,109.67,103.28,104.92
01dec2021,8,CO,Colorado,5773714,109.83,112.67,103.63,110.25
01dec2021,9,CT,Connecticut,3605944,98.81,112.16,90.89,106.25
01dec2021,10,DE,Delaware,989948,104.68,101.02,104.03,104.6
01dec2021,11,DC,District of Columbia,689545,111.77,112.73,105.01,113.46
01dec2021,12,FL,Florida,21538188,106.6,108.89,103.77,102.61
01dec2021,13,GA,Georgia,10711908,105.51,111.11,101.56,102.11
01dec2021,15,HI,Hawaii,1455271,106.07,109.82,101.98,104.59
01dec2021,16,ID,Idaho,1839106,105.94,111.93,101.29,103.42
01dec2021,17,IL,Illinois,12812508,107.11,113.9,101.92,103.52
01dec2021,18,IN,Indiana,6785528,103.77,115.07,98.7,98.83
01dec2021,19,IA,Iowa,3190369,105.26,119.09,98.3,100.45
01dec2021,20,KS,Kansas,2937880,105.58,115.3,99.39,103.26
01dec2021,21,KY,Kentucky,4505836,102.19,112.85,98.27,96.92
01dec2021,22,LA,Louisiana,4657757,101.73,111.96,98.99,94.33
01dec2021,23,ME,Maine,1362359,91.52,112.02,82.39,103.54
01dec2021,24,MD,Maryland,6177224,108.52,112.16,102.74,108.57
01dec2021,25,MA,Massachusetts,7029917,97.26000000000001,113.18,87.65000000000001,108.44
01dec2021,26,MI,Michigan,10077331,105.22,114.07,100.07,101.53
01dec2021,27,MN,Minnesota,5706494,107.16,115.42,100.42,106.05
01dec2021,28,MS,Mississippi,2961279,99.66,112.23,97.24,91.28
01dec2021,29,MO,Missouri,6154913,105.39,115.18,100.11,100.67
01dec2021,30,MT,Montana,1084225,106.82,113.85,101.58,103.46
01dec2021,31,NE,Nebraska,1961504,106.02,115.73,99.66,103.57
01dec2021,32,NV,Nevada,3104614,105.86,106,104.58,101.19
01dec2021,33,NH,New Hampshire,1377529,100.75,114.29,91.95999999999999,107.74
01dec2021,34,NJ,New Jersey,9288994,102.84,111.1,96.49,106.61
01dec2021,35,NM,New Mexico,2117522,102.32,113.66,98.94,94.51000000000001
01dec2021,36,NY,New York,20201248,106.18,111.07,102.12,103.02
01dec2021,37,NC,North Carolina,10439388,104.98,112,100.84,101.04
01dec2021,38,ND,North Dakota,779094,105.25,116.74,98.45999999999999,102.89
01dec2021,39,OH,Ohio,11799448,104.57,114.47,99.38,100.56
01dec2021,40,OK,Oklahoma,3959353,103.56,112.52,99.61,98.65000000000001
01dec2021,41,OR,Oregon,4237256,108.09,113.26,102.45,106.41
01dec2021,42,PA,Pennsylvania,13002700,105.09,114.45,100.09,100.52
01dec2021,44,RI,Rhode Island,1097379,98.41,110.8,92.24,102.65
01dec2021,45,SC,South Carolina,5118425,103.68,111.75,100.14,98.53
01dec2021,46,SD,South Dakota,886667,106.54,117.45,100.07,102.2
01dec2021,47,TN,Tennessee,6910840,103.51,111.97,100.19,97.49
01dec2021,48,TX,Texas,29145504,104.81,109.81,101.51,101.3
01dec2021,49,UT,Utah,3271616,108.61,110.06,103.54,109.25
01dec2021,50,VT,Vermont,643077,102.43,118.34,93.61,104.22
01dec2021,51,VA,Virginia,8631393,107.1,112.61,101.29,106.87
01dec2021,53,WA,Washington,7705281,106.88,109.5,101.84,108.37
01dec2021,54,WV,West Virginia,1793716,100.23,113.58,96.76000000000001,93.05
01dec2021,55,WI,Wisconsin,5893718,105.66,117.02,99.33,101.56
01dec2021,56,WY,Wyoming,576851,105.85,114.24,99.95,104.01
01jan2022,1,AL,Alabama,5024279,102.84,114.75,98.81999999999999,95.43000000000001
01jan2022,2,AK,Alaska,733391,108.07,113.2,101.62,108.76
01jan2022,4,AZ,Arizona,7151502,107.88,113.04,103.36,103.36
01jan2022,5,AR,Arkansas,3011524,102.03,115.38,98.15000000000001,93.53
01jan2022,6,CA,California,39538224,107.89,111.59,103.46,104.92
01jan2022,8,CO,Colorado,5773714,110.6,114.6,103.79,110.25
01jan2022,9,CT,Connecticut,3605944,105.83,113.41,99.5,106.25
01jan2022,10,DE,Delaware,989948,104.78,103.28,103.17,104.6
01jan2022,11,DC,District of Columbia,689545,112.31,113.99,105.15,113.46
01jan2022,12,FL,Florida,21538188,107.32,110.6,103.96,102.61
01jan2022,13,GA,Georgia,10711908,106.25,112.63,101.85,102.11
01jan2022,15,HI,Hawaii,1455271,106.83,112.02,102,104.59
01jan2022,16,ID,Idaho,1839106,106.85,114.06,101.54,103.42
01jan2022,17,IL,Illinois,12812508,107.93,115.82,102.14,103.52
01jan2022,18,IN,Indiana,6785528,104.52,116.9,98.86,98.83
01jan2022,19,IA,Iowa,3190369,106.17,121.14,98.58,100.45
01jan2022,20,KS,Kansas,2937880,106.37,117.5,99.45,103.26
01jan2022,21,KY,Kentucky,4505836,103.03,114.79,98.52,96.92
01jan2022,22,LA,Louisiana,4657757,102.48,113.81,99.15000000000001,94.33
01jan2022,23,ME,Maine,1362359,103.22,113.59,96.97,103.54
01jan2022,24,MD,Maryland,6177224,109.18,113.68,102.93,108.57
01jan2022,25,MA,Massachusetts,7029917,102.17,113.85,93.75,108.44
01jan2022,26,MI,Michigan,10077331,106.13,116,100.41,101.53
01jan2022,27,MN,Minnesota,5706494,108.2,117.52,100.85,106.05
01jan2022,28,MS,Mississippi,2961279,100.34,113.67,97.5,91.28
01jan2022,29,MO,Missouri,6154913,106.12,116.8,100.35,100.67
01jan2022,30,MT,Montana,1084225,107.55,115.64,101.75,103.46
01jan2022,31,NE,Nebraska,1961504,106.69,117.79,99.63,103.57
01jan2022,32,NV,Nevada,3104614,106.52,107.57,104.75,101.19
01jan2022,33,NH,New Hampshire,1377529,107.88,116.11,100.46,107.74
01jan2022,34,NJ,New Jersey,9288994,105.22,113.09,98.72,106.61
01jan2022,35,NM,New Mexico,2117522,103.14,115.4,99.25,94.51000000000001
01jan2022,36,NY,New York,20201248,106.97,112.99,102.31,103.02
01jan2022,37,NC,North Carolina,10439388,105.78,113.63,101.18,101.04
01jan2022,38,ND,North Dakota,779094,106.22,119.29,98.59,102.89
01jan2022,39,OH,Ohio,11799448,105.31,116.34,99.53,100.56
01jan2022,40,OK,Oklahoma,3959353,104.31,114.26,99.81,98.65000000000001
01jan2022,41,OR,Oregon,4237256,108.87,115.22,102.62,106.41
01jan2022,42,PA,Pennsylvania,13002700,105.97,116.45,100.36,100.52
01jan2022,44,RI,Rhode Island,1097379,106.21,113.35,101.29,102.65
01jan2022,45,SC,South Carolina,5118425,104.43,113.16,100.51,98.53
01jan2022,46,SD,South Dakota,886667,107.34,119.25,100.32,102.2
01jan2022,47,TN,Tennessee,6910840,104.19,113.46,100.42,97.49
01jan2022,48,TX,Texas,29145504,105.62,111.66,101.74,101.3
01jan2022,49,UT,Utah,3271616,109.4,112.12,103.67,109.25
01jan2022,50,VT,Vermont,643077,106.25,120.92,97.45999999999999,104.22
01jan2022,51,VA,Virginia,8631393,107.82,114.49,101.4,106.87
01jan2022,53,WA,Washington,7705281,107.64,111.3,102.05,108.37
01jan2022,54,WV,West Virginia,1793716,101.01,115.01,97.15000000000001,93.05
01jan2022,55,WI,Wisconsin,5893718,106.35,118.85,99.43000000000001,101.56
01jan2022,56,WY,Wyoming,576851,106.92,115.68,100.71,104.01
01feb2022,1,AL,Alabama,5024279,102.03,112.38,98.8,95.43000000000001
01feb2022,2,AK,Alaska,733391,106.89,110.21,101.41,108.76
01feb2022,4,AZ,Arizona,7151502,106.96,110.01,103.49,103.36
01feb2022,5,AR,Arkansas,3011524,101.27,113.05,98.19,93.53
01feb2022,6,CA,California,39538224,107.02,109.08,103.42,104.92
01feb2022,8,CO,Colorado,5773714,109.7,111.86,103.81,110.25
01feb2022,9,CT,Connecticut,3605944,102.46,110.47,96.40000000000001,106.25
01feb2022,10,DE,Delaware,989948,104.38,100.42,103.91,104.6
01feb2022,11,DC,District of Columbia,689545,111.56,111.67,105.2,113.46
01feb2022,12,FL,Florida,21538188,106.52,107.95,104.08,102.61
01feb2022,13,GA,Georgia,10711908,105.59,110.62,101.88,102.11
01feb2022,15,HI,Hawaii,1455271,106.03,109.12,102.24,104.59
01feb2022,16,ID,Idaho,1839106,105.97,111.14,101.68,103.42
01feb2022,17,IL,Illinois,12812508,107.34,114.05,102.15,103.52
01feb2022,18,IN,Indiana,6785528,103.75,114.34,98.99,98.83
01feb2022,19,IA,Iowa,3190369,105.31,118.76,98.5,100.45
01feb2022,20,KS,Kansas,2937880,105.62,115.16,99.51000000000001,103.26
01feb2022,21,KY,Kentucky,4505836,102.05,112.2,98.39,96.92
01feb2022,22,LA,Louisiana,4657757,101.8,111.47,99.29000000000001,94.33
01feb2022,23,ME,Maine,1362359,93.06,111.06,84.83,103.54
01feb2022,24,MD,Maryland,6177224,108.49,111.5,103,108.57
01feb2022,25,MA,Massachusetts,7029917,97.95,112.06,89.04000000000001,108.44
01feb2022,26,MI,Michigan,10077331,105.41,113.71,100.48,101.53
01feb2022,27,MN,Minnesota,5706494,107.34,114.79,100.92,106.05
01feb2022,28,MS,Mississippi,2961279,99.75,111.84,97.53,91.28
01feb2022,29,MO,Missouri,6154913,105.39,114.43,100.44,100.67
01feb2022,30,MT,Montana,1084225,106.9,113.11,102.01,103.46
01feb2022,31,NE,Nebraska,1961504,106.19,115.19,100.12,103.57
01feb2022,32,NV,Nevada,3104614,105.54,104.92,104.64,101.19
01feb2022,33,NH,New Hampshire,1377529,96.08,112.42,86.69,107.74
01feb2022,34,NJ,New Jersey,9288994,99.72,110.66,92.61,106.61
01feb2022,35,NM,New Mexico,2117522,102.03,112.56,99.05,94.51000000000001
01feb2022,36,NY,New York,20201248,106.13,110.35,102.38,103.02
01feb2022,37,NC,North Carolina,10439388,105.02,111.29,101.2,101.04
01feb2022,38,ND,North Dakota,779094,105.7,116.87,98.99,102.89
01feb2022,39,OH,Ohio,11799448,104.61,113.88,99.7,100.56
01feb2022,40,OK,Oklahoma,3959353,103.51,111.63,99.93000000000001,98.65000000000001
01feb2022,41,OR,Oregon,4237256,108.02,112.47,102.72,106.41
01feb2022,42,PA,Pennsylvania,13002700,105.09,113.74,100.4,100.52
01feb2022,44,RI,Rhode Island,1097379,97.55,110.65,91.18000000000001,102.65
01feb2022,45,SC,South Carolina,5118425,103.72,111.09,100.49,98.53
01feb2022,46,SD,South Dakota,886667,106.51,116.78,100.33,102.2
01feb2022,47,TN,Tennessee,6910840,103.5,111.04,100.58,97.49
01feb2022,48,TX,Texas,29145504,104.76,109.07,101.76,101.3
01feb2022,49,UT,Utah,3271616,108.77,109.94,103.81,109.25
01feb2022,50,VT,Vermont,643077,102.78,117.58,94.39,104.22
01feb2022,51,VA,Virginia,8631393,107.15,112.11,101.57,106.87
01feb2022,53,WA,Washington,7705281,106.99,108.91,102.25,108.37
01feb2022,54,WV,West Virginia,1793716,100.01,112.38,97.01000000000001,93.05
01feb2022,55,WI,Wisconsin,5893718,105.66,116.58,99.54000000000001,101.56
01feb2022,56,WY,Wyoming,576851,105.98,114,100.22,104.01
01mar2022,1,AL,Alabama,5024279,101.8,112.53,98.44,95.43000000000001
01mar2022,2,AK,Alaska,733391,106.75,110.62,101.04,108.76
01mar2022,4,AZ,Arizona,7151502,106.94,110.13,103.41,103.36
01mar2022,5,AR,Arkansas,3011524,101.07,112.98,97.95999999999999,93.53
01mar2022,6,CA,California,39538224,106.83,108.81,103.3,104.92
01mar2022,8,CO,Colorado,5773714,109.44,111.37,103.69,110.25
01mar2022,9,CT,Connecticut,3605944,103.35,110.47,97.56,106.25
01mar2022,10,DE,Delaware,989948,103.78,98.72,103.87,104.6
01mar2022,11,DC,District of Columbia,689545,111.34,111.48,105,113.46
01mar2022,12,FL,Florida,21538188,106.25,107.71,103.84,102.61
01mar2022,13,GA,Georgia,10711908,105.35,110.44,101.64,102.11
01mar2022,15,HI,Hawaii,1455271,105.71,108.84,101.95,104.59
01mar2022,16,ID,Idaho,1839106,105.78,110.95,101.51,103.42
01mar2022,17,IL,Illinois,12812508,107.2,113.79,102.08,103.52
01mar2022,18,IN,Indiana,6785528,103.5,114.35,98.66,98.83
01mar2022,19,IA,Iowa,3190369,105.4,119.09,98.48,100.45
01mar2022,20,KS,Kansas,2937880,105.46,114.94,99.40000000000001,103.26
01mar2022,21,KY,Kentucky,4505836,102.08,112.34,98.36,96.92
01mar2022,22,LA,Louisiana,4657757,101.58,111.19,99.13,94.33
01mar2022,23,ME,Maine,1362359,100.44,113.36,93.43000000000001,103.54
01mar2022,24,MD,Maryland,6177224,108.36,111.76,102.71,108.57
01mar2022,25,MA,Massachusetts,7029917,101.83,112.01,94.12000000000001,108.44
01mar2022,26,MI,Michigan,10077331,105.25,113.74,100.26,101.53
01mar2022,27,MN,Minnesota,5706494,107.13,114.82,100.65,106.05
01mar2022,28,MS,Mississippi,2961279,99.42,111.48,97.26000000000001,91.28
01mar2022,29,MO,Missouri,6154913,105.08,114.35,100.08,100.67
01mar2022,30,MT,Montana,1084225,106.78,112.95,101.92,103.46
01mar2022,31,NE,Nebraska,1961504,105.79,115.31,99.55,103.57
01mar2022,32,NV,Nevada,3104614,105.36,104.56,104.57,101.19
01mar2022,33,NH,New Hampshire,1377529,102.54,110.9,95.79000000000001,107.74
01mar2022,34,NJ,New Jersey,9288994,102.63,110.55,96.45999999999999,106.61
01mar2022,35,NM,New Mexico,2117522,101.95,112.4,99.01000000000001,94.51000000000001
01mar2022,36,NY,New York,20201248,105.88,110.02,102.19,103.02
01mar2022,37,NC,North Carolina,10439388,104.79,111.06,101.01,101.04
01mar2022,38,ND,North Dakota,779094,105.4,116.87,98.59999999999999,102.89
01mar2022,39,OH,Ohio,11799448,104.33,113.78,99.39,100.56
01mar2022,40,OK,Oklahoma,3959353,103.13,111.31,99.58,98.65000000000001
01mar2022,41,OR,Oregon,4237256,107.76,112.28,102.45,106.41
01mar2022,42,PA,Pennsylvania,13002700,104.92,113.39,100.33,100.52
01mar2022,44,RI,Rhode Island,1097379,101.61,110.53,96.52,102.65
01mar2022,45,SC,South Carolina,5118425,103.5,110.82,100.32,98.53
01mar2022,46,SD,South Dakota,886667,106.32,116.84,100.05,102.2
01mar2022,47,TN,Tennessee,6910840,103.23,110.8,100.34,97.49
01mar2022,48,TX,Texas,29145504,104.56,108.89,101.58,101.3
01mar2022,49,UT,Utah,3271616,108.62,109.89,103.63,109.25
01mar2022,50,VT,Vermont,643077,102.09,116.85,93.81999999999999,104.22
01mar2022,51,VA,Virginia,8631393,106.87,111.96,101.27,106.87
01mar2022,53,WA,Washington,7705281,106.73,108.61,102.04,108.37
01mar2022,54,WV,West Virginia,1793716,99.72,112.23,96.69,93.05
01mar2022,55,WI,Wisconsin,5893718,105.39,116.69,99.13,101.56
01mar2022,56,WY,Wyoming,576851,106.26,113.82,100.66,104.01
01apr2022,1,AL,Alabama,5024279,103.59,117.52,98.58,95.43000000000001
01apr2022,2,AK,Alaska,733391,108.68,116.47,100.98,108.76
01apr2022,4,AZ,Arizona,7151502,109.01,116.53,103.29,103.36
01apr2022,5,AR,Arkansas,3011524,102.72,117.76,98,93.53
01apr2022,6,CA,California,39538224,109.21,115.93,103.26,104.92
01apr2022,8,CO,Colorado,5773714,111.53,117.66,103.66,110.25
01apr2022,9,CT,Connecticut,3605944,110.34,117.88,103.42,106.25
01apr2022,10,DE,Delaware,989948,105.26,103.62,103.65,104.6
01apr2022,11,DC,District of Columbia,689545,113.9,119,105.03,113.46
01apr2022,12,FL,Florida,21538188,108.5,114.28,103.88,102.61
01apr2022,13,GA,Georgia,10711908,107.01,115.55,101.56,102.11
01apr2022,15,HI,Hawaii,1455271,108.13,115.84,102.01,104.59
01apr2022,16,ID,Idaho,1839106,107.99,117.35,101.58,103.42
01apr2022,17,IL,Illinois,12812508,109.5,120.64,102.06,103.52
01apr2022,18,IN,Indiana,6785528,105.51,120,98.8,98.83
01apr2022,19,IA,Iowa,3190369,107.22,124.48,98.48,100.45
01apr2022,20,KS,Kansas,2937880,107.26,120.15,99.45,103.26
01apr2022,21,KY,Kentucky,4505836,103.88,117.71,98.34,96.92
01apr2022,22,LA,Louisiana,4657757,103.16,116.04,99.05,94.33
01apr2022,23,ME,Maine,1362359,107.2,119.5,99.55,103.54
01apr2022,24,MD,Maryland,6177224,110.16,117.21,102.65,108.57
01apr2022,25,MA,Massachusetts,7029917,106.09,118.45,96.84999999999999,108.44
01apr2022,26,MI,Michigan,10077331,107.31,119.99,100.2,101.53
01apr2022,27,MN,Minnesota,5706494,109.3,121.08,100.72,106.05
01apr2022,28,MS,Mississippi,2961279,100.81,115.42,97.33,91.28
01apr2022,29,MO,Missouri,6154913,107.03,120.15,100.06,100.67
01apr2022,30,MT,Montana,1084225,108.72,118.6,101.96,103.46
01apr2022,31,NE,Nebraska,1961504,107.94,121.49,99.63,103.57
01apr2022,32,NV,Nevada,3104614,107.98,112.13,104.65,101.19
01apr2022,33,NH,New Hampshire,1377529,105.46,118.44,96.27,107.74
01apr2022,34,NJ,New Jersey,9288994,109.04,117.1,101.93,106.61
01apr2022,35,NM,New Mexico,2117522,103.51,117.32,98.88,94.51000000000001
01apr2022,36,NY,New York,20201248,108.13,116.97,102.07,103.02
01apr2022,37,NC,North Carolina,10439388,106.5,116.49,100.85,101.04
01apr2022,38,ND,North Dakota,779094,107.26,122.44,98.56999999999999,102.89
01apr2022,39,OH,Ohio,11799448,106.17,119.32,99.34,100.56
01apr2022,40,OK,Oklahoma,3959353,105.12,116.23,100.01,98.65000000000001
01apr2022,41,OR,Oregon,4237256,110.08,119,102.53,106.41
01apr2022,42,PA,Pennsylvania,13002700,106.9,119.67,100.15,100.52
01apr2022,44,RI,Rhode Island,1097379,106.11,116.32,99.84999999999999,102.65
01apr2022,45,SC,South Carolina,5118425,105.15,115.79,100.28,98.53
01apr2022,46,SD,South Dakota,886667,108.8,123.52,100.34,102.2
01apr2022,47,TN,Tennessee,6910840,105.23,116.68,100.37,97.49
01apr2022,48,TX,Texas,29145504,106.43,114.49,101.56,101.3
01apr2022,49,UT,Utah,3271616,111.22,117.8,103.54,109.25
01apr2022,50,VT,Vermont,643077,109.06,124.08,99.72,104.22
01apr2022,51,VA,Virginia,8631393,108.7,117.69,101.14,106.87
01apr2022,53,WA,Washington,7705281,109.05,115.75,101.91,108.37
01apr2022,54,WV,West Virginia,1793716,101.55,117.51,96.76000000000001,93.05
01apr2022,55,WI,Wisconsin,5893718,107.33,122.1,99.28,101.56
01apr2022,56,WY,Wyoming,576851,107.68,119.93,99.84,104.01
01may2022,1,AL,Alabama,5024279,102.93,116.01,98.39,95.43000000000001
01may2022,2,AK,Alaska,733391,107.78,115.65,100.16,108.76
01may2022,4,AZ,Arizona,7151502,108.6,115.5,103.21,103.36
01may2022,5,AR,Arkansas,3011524,101.6,115.18,97.68000000000001,93.53
01may2022,6,CA,California,39538224,108.47,113.86,103.21,104.92
01may2022,8,CO,Colorado,5773714,110.9,116.38,103.4,110.25
01may2022,9,CT,Connecticut,3605944,102.77,115.07,94.78,106.25
01may2022,10,DE,Delaware,989948,103.99,100.43,103.4,104.6
01may2022,11,DC,District of Columbia,689545,113.19,117.24,104.87,113.46
01may2022,12,FL,Florida,21538188,107.91,112.9,103.71,102.61
01may2022,13,GA,Georgia,10711908,106.25,113.61,101.41,102.11
01may2022,15,HI,Hawaii,1455271,107.28,113.35,102,104.59
01may2022,16,ID,Idaho,1839106,107.23,115.72,101.3,103.42
01may2022,17,IL,Illinois,12812508,108.46,117.99,101.88,103.52
01may2022,18,IN,Indiana,6785528,104.69,118.08,98.56999999999999,98.83
01may2022,19,IA,Iowa,3190369,106.49,122.6,98.36,100.45
01may2022,20,KS,Kansas,2937880,106.32,117.89,99.22,103.26
01may2022,21,KY,Kentucky,4505836,103.22,115.93,98.26000000000001,96.92
01may2022,22,LA,Louisiana,4657757,102.52,114.73,98.8,94.33
01may2022,23,ME,Maine,1362359,103.55,117.57,95.65000000000001,103.54
01may2022,24,MD,Maryland,6177224,109.44,115.14,102.62,108.57
01may2022,25,MA,Massachusetts,7029917,97.53,116.12,86.70999999999999,108.44
01may2022,26,MI,Michigan,10077331,106.6,118.09,100.1,101.53
01may2022,27,MN,Minnesota,5706494,108.65,119.35,100.63,106.05
01may2022,28,MS,Mississippi,2961279,100.01,113.51,97.13,91.28
01may2022,29,MO,Missouri,6154913,106.47,118.81,99.92,100.67
01may2022,30,MT,Montana,1084225,108.03,117.14,101.71,103.46
01may2022,31,NE,Nebraska,1961504,107.51,120.24,99.63,103.57
01may2022,32,NV,Nevada,3104614,107.68,111.66,104.46,101.19
01may2022,33,NH,New Hampshire,1377529,104.52,116.77,95.79000000000001,107.74
01may2022,34,NJ,New Jersey,9288994,104.93,115.33,97.34999999999999,106.61
01may2022,35,NM,New Mexico,2117522,102.84,115.56,98.78,94.51000000000001
01may2022,36,NY,New York,20201248,107.15,114.45,101.9,103.02
01may2022,37,NC,North Carolina,10439388,105.99,114.64,101.01,101.04
01may2022,38,ND,North Dakota,779094,106.36,120.07,98.44,102.89
01may2022,39,OH,Ohio,11799448,105.43,117.37,99.23,100.56
01may2022,40,OK,Oklahoma,3959353,104.14,114.66,99.42,98.65000000000001
01may2022,41,OR,Oregon,4237256,109.36,117.13,102.41,106.41
01may2022,42,PA,Pennsylvania,13002700,106.3,117.97,100.12,100.52
01may2022,44,RI,Rhode Island,1097379,96.12000000000001,114.56,87.59,102.65
01may2022,45,SC,South Carolina,5118425,104.55,114.25,100.17,98.53
01may2022,46,SD,South Dakota,886667,107.8,121.22,100.05,102.2
01may2022,47,TN,Tennessee,6910840,104.5,114.93,100.18,97.49
01may2022,48,TX,Texas,29145504,105.93,113.24,101.45,101.3
01may2022,49,UT,Utah,3271616,110.55,115.59,103.63,109.25
01may2022,50,VT,Vermont,643077,108.26,122.38,99.43000000000001,104.22
01may2022,51,VA,Virginia,8631393,107.88,116.08,100.78,106.87
01may2022,53,WA,Washington,7705281,108.16,113.61,101.71,108.37
01may2022,54,WV,West Virginia,1793716,100.67,115.79,96.36,93.05
01may2022,55,WI,Wisconsin,5893718,106.57,120.47,99,101.56
01may2022,56,WY,Wyoming,576851,107.4,117.42,100.57,104.01
01jun2022,1,AL,Alabama,5024279,102.46,112.39,99.36,95.43000000000001
01jun2022,2,AK,Alaska,733391,108.2,113.14,101.82,108.76
01jun2022,4,AZ,Arizona,7151502,108.2,112.7,103.93,103.36
01jun2022,5,AR,Arkansas,3011524,101.22,111.66,98.74,93.53
01jun2022,6,CA,California,39538224,108.23,111.69,103.85,104.92
01jun2022,8,CO,Colorado,5773714,110.05,112.63,103.94,110.25
01jun2022,9,CT,Connecticut,3605944,103.89,112.37,97.42,106.25
01jun2022,10,DE,Delaware,989948,102.38,95.15000000000001,103.63,104.6
01jun2022,11,DC,District of Columbia,689545,113.02,115.67,105.34,113.46
01jun2022,12,FL,Florida,21538188,107.6,110.12,104.54,102.61
01jun2022,13,GA,Georgia,10711908,106,110.82,102.31,102.11
01jun2022,15,HI,Hawaii,1455271,107.27,112.41,102.4,104.59
01jun2022,16,ID,Idaho,1839106,106.75,112.89,101.92,103.42
01jun2022,17,IL,Illinois,12812508,107.5,113.72,102.51,103.52
01jun2022,18,IN,Indiana,6785528,103.83,113.67,99.39,98.83
01jun2022,19,IA,Iowa,3190369,105.23,117.66,98.89,100.45
01jun2022,20,KS,Kansas,2937880,105.44,113.83,99.86,103.26
01jun2022,21,KY,Kentucky,4505836,102.44,111.77,99.09,96.92
01jun2022,22,LA,Louisiana,4657757,102.02,110.95,99.81999999999999,94.33
01jun2022,23,ME,Maine,1362359,87.02,112.85,76.16,103.54
01jun2022,24,MD,Maryland,6177224,108.76,111.34,103.41,108.57
01jun2022,25,MA,Massachusetts,7029917,106.1,114.22,98.72,108.44
01jun2022,26,MI,Michigan,10077331,105.86,114.07,100.91,101.53
01jun2022,27,MN,Minnesota,5706494,107.72,115.43,101.14,106.05
01jun2022,28,MS,Mississippi,2961279,99.8,110.35,98.25,91.28
01jun2022,29,MO,Missouri,6154913,105.62,114.58,100.67,100.67
01jun2022,30,MT,Montana,1084225,107.26,113.23,102.42,103.46
01jun2022,31,NE,Nebraska,1961504,105.93,114.04,100.3,103.57
01jun2022,32,NV,Nevada,3104614,106.64,107.25,105.05,101.19
01jun2022,33,NH,New Hampshire,1377529,102.92,113.02,95.34999999999999,107.74
01jun2022,34,NJ,New Jersey,9288994,104.9,113,98.33,106.61
01jun2022,35,NM,New Mexico,2117522,102.23,111.92,99.59,94.51000000000001
01jun2022,36,NY,New York,20201248,106.94,112.13,102.65,103.02
01jun2022,37,NC,North Carolina,10439388,105.41,111.24,101.75,101.04
01jun2022,38,ND,North Dakota,779094,105.58,115.91,99.25,102.89
01jun2022,39,OH,Ohio,11799448,104.79,113.86,99.94,100.56
01jun2022,40,OK,Oklahoma,3959353,103.17,109.77,100.31,98.65000000000001
01jun2022,41,OR,Oregon,4237256,108.7,114.07,102.89,106.41
01jun2022,42,PA,Pennsylvania,13002700,105.31,113.42,100.84,100.52
01jun2022,44,RI,Rhode Island,1097379,99.02,112.01,92.5,102.65
01jun2022,45,SC,South Carolina,5118425,104.04,110.76,101.05,98.53
01jun2022,46,SD,South Dakota,886667,106.41,115.89,100.59,102.2
01jun2022,47,TN,Tennessee,6910840,103.9,111.39,100.95,97.49
01jun2022,48,TX,Texas,29145504,105.62,110.46,102.27,101.3
01jun2022,49,UT,Utah,3271616,110.33,113.89,104.1,109.25
01jun2022,50,VT,Vermont,643077,99.04000000000001,116.61,89.94,104.22
01jun2022,51,VA,Virginia,8631393,107.74,112.99,101.96,106.87
01jun2022,53,WA,Washington,7705281,106.67,109.17,101.71,108.37
01jun2022,54,WV,West Virginia,1793716,100.01,111.54,97.37000000000001,93.05
01jun2022,55,WI,Wisconsin,5893718,105.73,116.54,99.64,101.56
01jun2022,56,WY,Wyoming,576851,106.56,113.7,101.11,104.01
